year,school_id,province_id,subject_category_id,min_score,min_rank
2024,北京大学,19,1,689,85
2024,中国人民大学,19,1,663,1215
2024,中国人民大学,19,1,667,831
2024,清华大学,19,1,692,53
2024,清华大学,19,1,688,97
2024,北京交通大学,19,1,594,25890
2024,北京交通大学,19,1,615,13369
2024,北京交通大学(中外合作办学),19,1,606,18214
2024,北京交通大学(中外合作办学),19,1,606,18307
2024,北京交通大学,19,1,627,8570
2024,北京工业大学,19,1,610,16132
2024,北京工业大学,19,1,600,21717
2024,北京工业大学,19,1,617,12677
2024,北京工业大学,19,1,613,14430
2024,北京航空航天大学,19,1,657,1822
2024,北京航空航天大学(中外合作办学),19,1,641,4528
2024,北京理工大学(中外合作办学),19,1,611,15502
2024,北京理工大学,19,1,656,1983
2024,北京理工大学(珠海校区),19,1,665,1031
2024,北京科技大学,19,1,614,13928
2024,北京科技大学,19,1,613,14438
2024,北京科技大学,19,1,612,14724
2024,北京化工大学,19,1,604,19455
2024,北京化工大学,19,1,601,21313
2024,北京化工大学(中外合作办学),19,1,589,29569
2024,北京化工大学(中外合作办学),19,1,589,29646
2024,北京工商大学,19,1,568,49203
2024,北京工商大学,19,1,550,70559
2024,北京服装学院,19,1,538,87266
2024,北京服装学院,19,1,529,100249
2024,北京邮电大学,19,1,651,2681
2024,北京邮电大学,19,1,628,8242
2024,北京印刷学院,19,1,543,79037
2024,北京印刷学院,19,1,540,83275
2024,北京建筑大学,19,1,558,60428
2024,北京建筑大学,19,1,569,47773
2024,北京建筑大学,19,1,567,49883
2024,北京石油化工学院,19,1,514,123780
2024,北京石油化工学院,19,1,550,70044
2024,北京石油化工学院,19,1,544,78746
2024,中国农业大学,19,1,610,16237
2024,中国农业大学(中外合作办学),19,1,593,27048
2024,中国农业大学,19,1,610,15801
2024,北京林业大学,19,1,580,37424
2024,北京林业大学,19,1,582,35472
2024,北京林业大学,19,1,590,29366
2024,北京林业大学,19,1,578,39221
2024,北京林业大学,19,1,578,39416
2024,北京林业大学,19,1,594,26094
2024,北京林业大学(中外合作办学),19,1,573,44688
2024,北京林业大学,19,1,581,36675
2024,北京林业大学,19,1,592,27772
2024,北京中医药大学,19,1,583,34968
2024,北京中医药大学,19,1,592,27086
2024,北京师范大学,19,1,637,5671
2024,北京师范大学,19,1,642,4352
2024,首都师范大学,19,1,594,25639
2024,首都体育学院,19,1,539,84624
2024,北京外国语大学,19,1,619,11520
2024,北京外国语大学,19,1,605,18756
2024,北京外国语大学,19,1,612,14729
2024,北京外国语大学,19,1,615,13205
2024,北京第二外国语学院,19,1,579,37918
2024,北京第二外国语学院,19,1,551,68743
2024,北京语言大学,19,1,560,58696
2024,北京语言大学,19,1,530,99398
2024,北京语言大学,19,1,576,41271
2024,北京语言大学,19,1,568,49380
2024,中国传媒大学,19,1,595,25017
2024,中国传媒大学(中外合作办学),19,1,596,24675
2024,中国传媒大学,19,1,604,19473
2024,中国传媒大学(中外合作办学),19,1,580,37261
2024,中国传媒大学,19,1,610,15867
2024,中央财经大学,19,1,614,13853
2024,中央财经大学(中外合作办学),19,1,601,21505
2024,对外经济贸易大学,19,1,611,15363
2024,对外经济贸易大学,19,1,611,15357
2024,北京物资学院,19,1,546,76243
2024,北京物资学院,19,1,546,75028
2024,首都经济贸易大学,19,1,576,41029
2024,中国人民公安大学,19,1,608,17162
2024,北京体育大学,19,1,588,30768
2024,北京体育大学,19,1,587,31463
2024,北京体育大学(中外合作办学),19,1,547,74647
2024,北京体育大学(中外合作办学),19,1,533,94685
2024,北京体育大学,19,1,585,32762
2024,北京体育大学,19,1,588,30620
2024,中国音乐学院,19,1,586,32552
2024,中央美术学院,19,1,577,40208
2024,中央美术学院(中外合作办学),19,1,577,39804
2024,中央美术学院,19,1,607,17794
2024,北京电影学院,19,1,590,29195
2024,北京电影学院,19,1,601,21271
2024,北京电影学院,19,1,592,27700
2024,北京电影学院,19,1,595,25117
2024,北京电影学院,19,1,593,26790
2024,中央民族大学,19,1,600,21985
2024,中央民族大学,19,1,601,21410
2024,中央民族大学(合作办学),19,1,596,24774
2024,中国政法大学,19,1,613,14448
2024,中国政法大学,19,1,611,15372
2024,中国政法大学,19,1,628,8255
2024,华北电力大学(北京),19,1,590,29146
2024,华北电力大学(北京),19,1,601,21168
2024,南开大学,19,1,642,4387
2024,南开大学,19,1,641,4434
2024,天津大学,19,1,632,6799
2024,天津大学,19,1,628,8065
2024,天津科技大学,19,1,546,75328
2024,天津科技大学(中外合作办学),19,1,537,88316
2024,天津科技大学,19,1,532,96192
2024,天津科技大学(中外合作办学),19,1,549,71700
2024,天津工业大学,19,1,555,64137
2024,天津工业大学,19,1,576,40754
2024,天津工业大学,19,1,561,56721
2024,天津工业大学,19,1,556,63244
2024,天津工业大学,19,1,560,58401
2024,天津工业大学,19,1,595,25421
2024,天津工业大学(中外合作办学),19,1,572,45570
2024,中国民航大学,19,1,550,71000
2024,中国民航大学,19,1,552,67555
2024,天津理工大学,19,1,535,91606
2024,天津理工大学(中外合作办学),19,1,537,88248
2024,天津理工大学,19,1,544,77934
2024,天津理工大学(中外合作办学),19,1,554,64963
2024,天津农学院,19,1,507,136054
2024,天津农学院,19,1,505,139118
2024,天津农学院,19,1,496,155405
2024,天津农学院,19,1,521,112071
2024,天津中医药大学,19,1,545,76584
2024,天津中医药大学,19,1,547,74090
2024,天津中医药大学,19,1,569,48302
2024,天津中医药大学,19,1,556,63130
2024,天津中医药大学,19,1,544,77729
2024,天津中医药大学,19,1,541,82520
2024,天津师范大学,19,1,532,95089
2024,天津师范大学,19,1,566,51678
2024,天津师范大学,19,1,538,87041
2024,天津师范大学,19,1,561,57076
2024,天津师范大学,19,1,569,48434
2024,天津师范大学,19,1,552,67717
2024,天津师范大学,19,1,563,54804
2024,天津师范大学,19,1,549,72038
2024,天津师范大学,19,1,559,59650
2024,天津职业技术师范大学,19,1,521,112022
2024,天津职业技术师范大学,19,1,506,137525
2024,天津职业技术师范大学,19,1,510,130128
2024,天津外国语大学,19,1,536,89111
2024,天津外国语大学,19,1,533,94533
2024,天津外国语大学,19,1,567,50750
2024,天津外国语大学,19,1,546,76001
2024,天津商业大学,19,1,516,120495
2024,天津商业大学(中外合作办学),19,1,529,100898
2024,天津商业大学,19,1,520,114451
2024,天津财经大学,19,1,550,70755
2024,天津财经大学(中外合作办学),19,1,538,87123
2024,天津财经大学,19,1,555,64189
2024,天津财经大学,19,1,547,74953
2024,天津体育学院,19,1,502,144666
2024,河北工程大学,19,1,522,111719
2024,河北工程大学,19,1,530,98638
2024,河北工程大学,19,1,549,72239
2024,河北工程大学,19,1,541,82282
2024,河北工程大学,19,1,526,104689
2024,河北地质大学,19,1,513,126282
2024,河北地质大学,19,1,514,124006
2024,华北水利水电大学,19,1,546,75758
2024,华北水利水电大学(中外合作办学),19,1,525,106059
2024,华北电力大学(保定),19,1,584,34305
2024,华北电力大学(保定),19,1,597,24010
2024,河北工业大学,19,1,600,21636
2024,河北工业大学,19,1,591,28637
2024,河北工业大学,19,1,597,23607
2024,河北工业大学,19,1,604,19217
2024,河北工业大学(联合培养),19,1,580,37396
2024,河北工业大学(联合培养),19,1,589,30124
2024,华北理工大学(中外合作办学),19,1,479,185964
2024,华北理工大学,19,1,508,133212
2024,华北理工大学,19,1,524,108215
2024,华北理工大学,19,1,526,105246
2024,华北理工大学,19,1,526,104290
2024,华北理工大学,19,1,560,57907
2024,河北医科大学,19,1,532,96093
2024,河北医科大学,19,1,534,92155
2024,河北医科大学,19,1,536,90062
2024,河北北方学院,19,1,507,135935
2024,承德医学院,19,1,553,66501
2024,河北师范大学,19,1,551,68877
2024,河北师范大学,19,1,550,70971
2024,河北师范大学,19,1,558,60199
2024,河北师范大学,19,1,548,73336
2024,衡水学院,19,1,494,158029
2024,衡水学院,19,1,492,162181
2024,衡水学院(中外合作办学),19,1,489,168047
2024,邯郸学院,19,1,490,165802
2024,邯郸学院,19,1,493,159677
2024,邢台学院,19,1,500,148327
2024,沧州师范学院,19,1,492,161651
2024,石家庄铁道大学,19,1,532,95760
2024,石家庄铁道大学,19,1,532,96285
2024,石家庄铁道大学,19,1,563,55074
2024,山西大学,19,1,545,76569
2024,山西大学,19,1,569,48524
2024,太原科技大学,19,1,525,106507
2024,中北大学,19,1,534,92215
2024,中北大学,19,1,525,106082
2024,中北大学,19,1,544,78860
2024,中北大学,19,1,528,102046
2024,中北大学,19,1,530,99268
2024,中北大学,19,1,554,65053
2024,太原理工大学,19,1,584,33690
2024,山西农业大学,19,1,510,130495
2024,山西农业大学,19,1,504,141615
2024,山西农业大学,19,1,506,136719
2024,山西医科大学,19,1,521,112651
2024,山西医科大学,19,1,534,92402
2024,长治医学院,19,1,513,125833
2024,长治医学院,19,1,526,104646
2024,山西师范大学,19,1,537,88645
2024,山西师范大学,19,1,516,121480
2024,山西师范大学,19,1,507,136137
2024,山西大同大学,19,1,538,86678
2024,忻州师范学院,19,1,496,154600
2024,忻州师范学院,19,1,496,154917
2024,忻州师范学院,19,1,492,161664
2024,山西财经大学,19,1,519,115172
2024,山西财经大学,19,1,537,87651
2024,内蒙古大学,19,1,540,84001
2024,内蒙古大学,19,1,551,69892
2024,内蒙古大学,19,1,567,49972
2024,内蒙古大学,19,1,543,79896
2024,内蒙古大学,19,1,579,38197
2024,内蒙古大学,19,1,569,47788
2024,内蒙古大学,19,1,544,78298
2024,内蒙古大学,19,1,543,80025
2024,内蒙古科技大学,19,1,494,158088
2024,内蒙古科技大学,19,1,493,161050
2024,内蒙古科技大学,19,1,502,144905
2024,内蒙古工业大学,19,1,496,154555
2024,内蒙古工业大学,19,1,495,157037
2024,内蒙古工业大学,19,1,500,148312
2024,内蒙古工业大学,19,1,496,154615
2024,内蒙古工业大学,19,1,531,97212
2024,内蒙古工业大学,19,1,527,102729
2024,内蒙古农业大学,19,1,497,153238
2024,内蒙古农业大学,19,1,490,165051
2024,内蒙古农业大学,19,1,492,161825
2024,内蒙古医科大学,19,1,493,160262
2024,内蒙古医科大学,19,1,545,77349
2024,内蒙古师范大学,19,1,489,167609
2024,内蒙古师范大学,19,1,519,115180
2024,内蒙古民族大学,19,1,495,157180
2024,内蒙古民族大学,19,1,489,167127
2024,内蒙古民族大学,19,1,489,167074
2024,内蒙古民族大学,19,1,496,155002
2024,辽宁大学,19,1,564,53749
2024,辽宁大学,19,1,575,42045
2024,辽宁大学(中外合作办学),19,1,565,52364
2024,辽宁大学(中外合作办学),19,1,544,78148
2024,辽宁大学(中外合作办学),19,1,545,77221
2024,辽宁大学,19,1,580,37281
2024,辽宁大学(联合培养),19,1,583,34852
2024,大连理工大学,19,1,630,7482
2024,大连理工大学(中外合作办学),19,1,612,15196
2024,沈阳工业大学,19,1,516,120183
2024,沈阳工业大学,19,1,530,98781
2024,沈阳工业大学,19,1,530,98117
2024,沈阳工业大学,19,1,535,90647
2024,沈阳航空航天大学,19,1,543,79727
2024,沈阳理工大学,19,1,536,89968
2024,沈阳理工大学,19,1,530,98541
2024,沈阳理工大学,19,1,522,110721
2024,沈阳理工大学,19,1,551,68930
2024,东北大学,19,1,603,20204
2024,东北大学,19,1,603,20061
2024,东北大学,19,1,614,13747
2024,东北大学,19,1,610,15756
2024,东北大学,19,1,624,9454
2024,东北大学,19,1,609,16599
2024,东北大学,19,1,617,12246
2024,东北大学(中外合作办学),19,1,592,27591
2024,东北大学(中外合作办学),19,1,595,25600
2024,辽宁科技大学,19,1,512,127217
2024,辽宁科技大学(中外合作办学),19,1,490,164774
2024,辽宁工程技术大学,19,1,532,95162
2024,辽宁工程技术大学,19,1,512,127533
2024,辽宁工程技术大学,19,1,537,87899
2024,辽宁石油化工大学,19,1,525,106600
2024,辽宁石油化工大学(中外合作办学),19,1,515,122096
2024,沈阳化工大学,19,1,523,109496
2024,沈阳化工大学,19,1,529,100247
2024,沈阳化工大学,19,1,515,122625
2024,沈阳化工大学(中外合作办学),19,1,513,125206
2024,大连交通大学(中外合作办学),19,1,529,100646
2024,大连交通大学,19,1,522,110376
2024,大连交通大学,19,1,528,101610
2024,大连交通大学,19,1,539,84831
2024,大连交通大学(中外合作办学),19,1,526,105531
2024,大连海事大学,19,1,576,41344
2024,大连海事大学(中外合作办学),19,1,596,24806
2024,大连海事大学,19,1,581,36665
2024,大连海事大学(中外合作办学),19,1,571,45862
2024,大连工业大学,19,1,521,113122
2024,大连工业大学,19,1,537,88817
2024,大连工业大学,19,1,517,118480
2024,大连工业大学,19,1,521,113223
2024,大连工业大学,19,1,520,114410
2024,大连工业大学,19,1,527,102733
2024,大连工业大学,19,1,530,99274
2024,大连工业大学,19,1,526,104556
2024,大连工业大学(学术互认),19,1,539,84674
2024,大连工业大学(中外合作办学),19,1,530,98741
2024,沈阳建筑大学,19,1,544,78516
2024,沈阳建筑大学,19,1,508,134641
2024,沈阳建筑大学(中外合作办学),19,1,504,141029
2024,沈阳建筑大学,19,1,506,138155
2024,沈阳建筑大学(中外合作办学),19,1,519,116156
2024,大连海洋大学,19,1,505,138594
2024,大连海洋大学,19,1,506,138145
2024,大连海洋大学,19,1,503,142884
2024,中国医科大学,19,1,574,42810
2024,中国医科大学(中外合作办学),19,1,549,72258
2024,锦州医科大学,19,1,545,76869
2024,锦州医科大学,19,1,508,133544
2024,锦州医科大学(中外合作办学),19,1,490,165727
2024,大连医科大学,19,1,572,45358
2024,大连医科大学,19,1,601,20970
2024,大连医科大学,19,1,585,33204
2024,辽宁中医药大学,19,1,507,134930
2024,沈阳药科大学,19,1,536,89842
2024,沈阳药科大学,19,1,521,113319
2024,沈阳医学院,19,1,550,70968
2024,辽宁师范大学(中外合作办学),19,1,520,113861
2024,渤海大学,19,1,491,164379
2024,渤海大学,19,1,529,99846
2024,鞍山师范学院,19,1,498,152189
2024,大连外国语大学,19,1,546,76067
2024,大连外国语大学,19,1,532,96431
2024,大连外国语大学,19,1,544,78481
2024,东北财经大学,19,1,555,64113
2024,东北财经大学(中外合作办学),19,1,538,85969
2024,东北财经大学(中外合作办学),19,1,552,68214
2024,东北财经大学(中外合作办学),19,1,574,43132
2024,东北财经大学(中外合作办学),19,1,556,63481
2024,东北财经大学(中外合作办学),19,1,537,88730
2024,东北财经大学(中外合作办学),19,1,555,63945
2024,沈阳音乐学院,19,1,499,150359
2024,吉林大学,19,1,619,11407
2024,吉林大学,19,1,603,19791
2024,吉林大学,19,1,607,17900
2024,吉林大学,19,1,605,18795
2024,吉林大学,19,1,618,12157
2024,吉林大学,19,1,617,12262
2024,吉林大学(联合培养),19,1,610,15953
2024,吉林大学,19,1,623,10077
2024,吉林大学,19,1,618,12002
2024,吉林大学,19,1,609,16282
2024,延边大学,19,1,562,55335
2024,延边大学,19,1,571,46601
2024,长春理工大学,19,1,523,110109
2024,长春理工大学,19,1,516,121426
2024,长春理工大学,19,1,529,100052
2024,长春理工大学,19,1,547,74069
2024,长春理工大学,19,1,560,58745
2024,长春理工大学,19,1,524,108596
2024,长春理工大学,19,1,532,95043
2024,长春理工大学(中外合作办学),19,1,554,65497
2024,长春理工大学(中外合作办学),19,1,527,102842
2024,长春理工大学(中外合作办学),19,1,531,97709
2024,长春理工大学,19,1,535,91188
2024,东北电力大学,19,1,548,73475
2024,东北电力大学,19,1,566,51802
2024,东北电力大学(中外合作办学),19,1,574,43530
2024,长春工业大学,19,1,513,126281
2024,长春工业大学(中外合作办学),19,1,504,141214
2024,长春工业大学,19,1,540,83274
2024,长春工业大学,19,1,509,132187
2024,长春工业大学,19,1,525,105851
2024,长春工业大学,19,1,537,88183
2024,长春工业大学(中外合作办学),19,1,521,112293
2024,吉林建筑大学,19,1,500,147353
2024,吉林建筑大学(中外合作办学),19,1,506,138127
2024,吉林建筑大学,19,1,497,153047
2024,吉林建筑大学(中外合作办学),19,1,508,134481
2024,吉林农业大学,19,1,509,131999
2024,吉林农业大学,19,1,505,139885
2024,吉林农业大学,19,1,510,131285
2024,长春中医药大学,19,1,534,92484
2024,长春中医药大学,19,1,521,112724
2024,东北师范大学,19,1,588,30487
2024,东北师范大学,19,1,596,24576
2024,北华大学,19,1,497,153925
2024,北华大学,19,1,512,127893
2024,北华大学,19,1,509,131759
2024,北华大学,19,1,501,145694
2024,吉林师范大学,19,1,514,124702
2024,长春师范大学,19,1,525,106831
2024,长春师范大学,19,1,516,120397
2024,白城师范学院,19,1,495,157066
2024,吉林财经大学,19,1,527,103949
2024,吉林财经大学(中外合作办学),19,1,519,116397
2024,吉林财经大学,19,1,525,106261
2024,黑龙江大学,19,1,521,113074
2024,黑龙江大学,19,1,510,129877
2024,黑龙江大学,19,1,507,134831
2024,黑龙江大学,19,1,552,67910
2024,哈尔滨工业大学(中外合作办学),19,1,626,8917
2024,哈尔滨工业大学(中外合作办学),19,1,605,18515
2024,哈尔滨工业大学,19,1,664,1117
2024,哈尔滨工业大学(中外合作办学),19,1,626,8878
2024,哈尔滨工业大学(中外合作办学),19,1,624,9654
2024,哈尔滨工业大学(中外合作办学),19,1,617,12663
2024,哈尔滨理工大学,19,1,527,103368
2024,哈尔滨理工大学,19,1,511,128484
2024,哈尔滨理工大学,19,1,538,86937
2024,哈尔滨理工大学,19,1,527,103221
2024,哈尔滨理工大学,19,1,554,65611
2024,哈尔滨理工大学,19,1,538,86242
2024,哈尔滨理工大学,19,1,539,85661
2024,哈尔滨理工大学,19,1,525,106490
2024,哈尔滨理工大学,19,1,532,95622
2024,哈尔滨理工大学,19,1,555,64060
2024,燕山大学,19,1,539,85665
2024,燕山大学,19,1,554,66021
2024,哈尔滨工程大学,19,1,609,16311
2024,哈尔滨工程大学,19,1,620,11291
2024,哈尔滨工程大学(中外合作办学),19,1,577,40385
2024,哈尔滨工程大学(中外合作办学),19,1,601,21246
2024,黑龙江科技大学,19,1,504,141117
2024,黑龙江科技大学,19,1,511,128297
2024,东北石油大学,19,1,521,113274
2024,东北石油大学,19,1,529,100944
2024,东北石油大学,19,1,526,105369
2024,佳木斯大学,19,1,493,160965
2024,佳木斯大学,19,1,491,163414
2024,佳木斯大学,19,1,492,161776
2024,佳木斯大学,19,1,504,140333
2024,东北农业大学,19,1,557,61275
2024,东北农业大学,19,1,558,60589
2024,东北农业大学,19,1,563,55214
2024,东北农业大学,19,1,552,68339
2024,东北农业大学,19,1,563,54228
2024,东北农业大学(中外合作办学),19,1,545,77490
2024,东北农业大学(中外合作办学),19,1,555,63641
2024,东北农业大学(中外合作办学),19,1,548,72919
2024,东北农业大学(中外合作办学),19,1,544,78361
2024,东北林业大学,19,1,562,56098
2024,东北林业大学,19,1,567,50657
2024,东北林业大学(中外合作办学),19,1,554,65996
2024,东北林业大学(中外合作办学),19,1,559,59679
2024,东北林业大学(中外合作办学),19,1,574,43552
2024,哈尔滨医科大学,19,1,542,81101
2024,哈尔滨医科大学,19,1,553,66992
2024,哈尔滨医科大学,19,1,590,28970
2024,黑龙江中医药大学,19,1,511,128754
2024,黑龙江中医药大学,19,1,509,131743
2024,黑龙江中医药大学,19,1,556,62558
2024,牡丹江医科大学,19,1,526,104443
2024,牡丹江医科大学,19,1,538,87095
2024,哈尔滨师范大学,19,1,532,95958
2024,哈尔滨师范大学,19,1,515,122484
2024,哈尔滨师范大学,19,1,545,76808
2024,哈尔滨师范大学,19,1,507,135733
2024,齐齐哈尔大学,19,1,496,154227
2024,齐齐哈尔大学,19,1,498,151583
2024,齐齐哈尔大学,19,1,497,153601
2024,齐齐哈尔大学,19,1,490,166412
2024,牡丹江师范学院,19,1,493,161003
2024,牡丹江师范学院,19,1,491,163979
2024,牡丹江师范学院,19,1,494,158407
2024,哈尔滨学院,19,1,493,159252
2024,哈尔滨商业大学,19,1,504,141605
2024,哈尔滨商业大学,19,1,498,151126
2024,哈尔滨商业大学,19,1,496,154294
2024,哈尔滨体育学院,19,1,490,165386
2024,哈尔滨金融学院,19,1,497,153693
2024,复旦大学,19,1,674,457
2024,复旦大学,19,1,687,111
2024,复旦大学,19,1,677,316
2024,复旦大学,19,1,672,538
2024,同济大学,19,1,650,2722
2024,同济大学,19,1,643,4165
2024,同济大学(中外合作办学),19,1,642,4348
2024,同济大学,19,1,643,4094
2024,上海交通大学,19,1,687,104
2024,上海交通大学,19,1,674,478
2024,上海交通大学(中外合作办学),19,1,668,796
2024,华东理工大学,19,1,605,18546
2024,华东理工大学,19,1,609,16440
2024,上海理工大学,19,1,588,30169
2024,上海理工大学(中外合作办学),19,1,577,39975
2024,上海海事大学,19,1,575,41797
2024,上海海事大学,19,1,553,67150
2024,东华大学,19,1,595,25293
2024,上海电力大学,19,1,602,20292
2024,上海电力大学(中外合作办学),19,1,603,19713
2024,上海应用技术大学,19,1,559,59546
2024,上海应用技术大学,19,1,563,54837
2024,上海应用技术大学,19,1,558,60820
2024,上海健康医学院,19,1,518,116846
2024,上海健康医学院,19,1,520,114893
2024,上海海洋大学(中外合作办学),19,1,554,64970
2024,上海海洋大学,19,1,568,48970
2024,上海海洋大学,19,1,564,53448
2024,华东师范大学,19,1,633,6502
2024,华东师范大学,19,1,630,7430
2024,上海师范大学(中外合作办学),19,1,547,74433
2024,上海外国语大学(中外合作办学),19,1,600,21572
2024,上海外国语大学,19,1,603,20051
2024,上海财经大学,19,1,615,13602
2024,上海财经大学,19,1,625,9258
2024,上海海关学院,19,1,561,57149
2024,上海海关学院,19,1,568,48989
2024,华东政法大学,19,1,604,19638
2024,上海体育大学,19,1,553,67282
2024,上海体育大学,19,1,559,59351
2024,上海大学(中外合作办学),19,1,606,18244
2024,南京大学,19,1,665,1009
2024,南京大学,19,1,667,894
2024,南京大学(中外合作办学),19,1,645,3701
2024,苏州大学,19,1,586,32512
2024,苏州大学,19,1,612,14816
2024,苏州大学,19,1,610,16148
2024,苏州大学,19,1,596,24393
2024,苏州大学,19,1,621,10754
2024,苏州大学,19,1,586,31886
2024,东南大学,19,1,651,2614
2024,南京航空航天大学,19,1,615,13550
2024,南京航空航天大学(中外合作办学),19,1,606,17913
2024,南京理工大学,19,1,601,20947
2024,南京理工大学,19,1,610,15931
2024,江苏科技大学,19,1,558,60626
2024,江苏科技大学,19,1,563,54182
2024,江苏科技大学,19,1,559,59686
2024,江苏科技大学,19,1,543,79717
2024,江苏科技大学,19,1,537,88631
2024,中国矿业大学,19,1,581,36276
2024,中国矿业大学,19,1,598,23052
2024,中国矿业大学(中外合作办学),19,1,572,45282
2024,中国矿业大学(中外合作办学),19,1,577,40553
2024,南京工业大学,19,1,566,50966
2024,常州大学,19,1,565,53009
2024,常州大学,19,1,534,92115
2024,常州大学,19,1,541,83055
2024,常州大学,19,1,534,93178
2024,南京邮电大学,19,1,603,20104
2024,河海大学,19,1,589,30034
2024,河海大学,19,1,581,36697
2024,河海大学(中外合作办学),19,1,575,42160
2024,江南大学(中外合作办学),19,1,580,37097
2024,江南大学,19,1,591,28478
2024,江南大学,19,1,591,28518
2024,江南大学,19,1,613,14236
2024,江南大学(中外合作办学),19,1,586,31987
2024,南京林业大学,19,1,562,55576
2024,南京林业大学,19,1,558,60388
2024,南京林业大学,19,1,551,69387
2024,江苏大学,19,1,569,47998
2024,江苏大学,19,1,572,45491
2024,南京信息工程大学,19,1,579,38062
2024,南京信息工程大学(中外合作办学),19,1,563,55112
2024,南京信息工程大学,19,1,583,34749
2024,南京信息工程大学(中外合作办学),19,1,567,50365
2024,南通大学,19,1,534,92770
2024,南通大学,19,1,532,95327
2024,南通大学,19,1,534,92549
2024,盐城工学院,19,1,530,98626
2024,盐城工学院,19,1,502,145012
2024,南京农业大学,19,1,576,40786
2024,南京农业大学,19,1,580,37746
2024,南京医科大学,19,1,575,42688
2024,南京医科大学,19,1,578,39262
2024,南京中医药大学,19,1,556,63237
2024,中国药科大学,19,1,605,18894
2024,中国药科大学,19,1,602,20740
2024,中国药科大学(中外合作办学),19,1,596,24848
2024,南京师范大学,19,1,587,31341
2024,南京师范大学,19,1,583,34341
2024,江苏师范大学(中外合作办学),19,1,531,96561
2024,江苏师范大学,19,1,551,69382
2024,江苏师范大学(中外合作办学),19,1,525,106173
2024,盐城师范学院,19,1,497,152835
2024,盐城师范学院,19,1,505,139681
2024,盐城师范学院,19,1,498,150531
2024,南京财经大学,19,1,551,69560
2024,南京财经大学(中外合作办学),19,1,535,91335
2024,南京财经大学,19,1,552,67693
2024,南京体育学院,19,1,508,134290
2024,南京艺术学院,19,1,542,80513
2024,苏州科技大学,19,1,546,76125
2024,苏州科技大学(中外合作办学),19,1,527,103292
2024,苏州科技大学,19,1,543,79590
2024,苏州科技大学(中外合作办学),19,1,527,104045
2024,常熟理工学院,19,1,528,102019
2024,浙江大学,19,1,674,455
2024,浙江大学,19,1,644,3968
2024,杭州电子科技大学,19,1,544,78890
2024,杭州电子科技大学,19,1,594,25965
2024,杭州电子科技大学(中外合作办学),19,1,592,27446
2024,浙江工业大学,19,1,562,55318
2024,浙江工业大学,19,1,558,61058
2024,浙江工业大学,19,1,565,52717
2024,浙江工业大学,19,1,576,41026
2024,浙江工业大学,19,1,571,46497
2024,浙江工业大学(中外合作办学),19,1,579,38168
2024,浙江工业大学(中外合作办学),19,1,538,86022
2024,浙江工业大学,19,1,556,62446
2024,浙江理工大学,19,1,545,76647
2024,浙江理工大学,19,1,550,71159
2024,浙江理工大学(中外合作办学),19,1,536,89408
2024,浙江理工大学,19,1,555,64322
2024,浙江理工大学,19,1,554,65944
2024,浙江海洋大学,19,1,520,114720
2024,浙江海洋大学,19,1,530,99306
2024,浙江海洋大学,19,1,534,93141
2024,浙江海洋大学(中外合作办学),19,1,523,110071
2024,浙江农林大学,19,1,536,89688
2024,浙江农林大学,19,1,522,110506
2024,浙江农林大学(中外合作办学),19,1,534,92694
2024,温州医科大学,19,1,533,93575
2024,温州医科大学,19,1,586,32313
2024,浙江中医药大学,19,1,549,71589
2024,浙江中医药大学,19,1,551,69256
2024,浙江师范大学,19,1,540,84144
2024,浙江师范大学,19,1,545,76946
2024,浙江师范大学(中外合作办学),19,1,526,104376
2024,浙江师范大学,19,1,560,58488
2024,浙江师范大学,19,1,557,61251
2024,浙江师范大学,19,1,552,68320
2024,浙江师范大学(中外合作办学),19,1,556,62545
2024,杭州师范大学,19,1,556,63315
2024,杭州师范大学,19,1,550,70342
2024,杭州师范大学,19,1,540,83497
2024,杭州师范大学(中外合作办学),19,1,540,84264
2024,杭州师范大学(中外合作办学),19,1,533,94229
2024,湖州师范学院,19,1,530,98449
2024,湖州师范学院,19,1,507,134871
2024,温州大学,19,1,541,82615
2024,温州大学,19,1,541,82128
2024,温州大学,19,1,540,83490
2024,温州大学(中外合作办学),19,1,536,89043
2024,丽水学院,19,1,505,138978
2024,丽水学院,19,1,507,135192
2024,丽水学院,19,1,496,155688
2024,丽水学院,19,1,521,112823
2024,浙江工商大学,19,1,539,85047
2024,浙江工商大学,19,1,539,85116
2024,浙江工商大学,19,1,539,85173
2024,嘉兴大学,19,1,538,86050
2024,中国美术学院,19,1,588,30762
2024,中国计量大学,19,1,563,54245
2024,中国计量大学,19,1,563,55222
2024,中国计量大学,19,1,553,67069
2024,中国计量大学,19,1,571,45770
2024,安徽大学,19,1,597,23993
2024,安徽大学,19,1,580,37622
2024,安徽大学,19,1,595,25079
2024,安徽大学(中外合作办学),19,1,586,32067
2024,安徽大学(中外合作办学),19,1,596,24263
2024,中国科学技术大学,19,1,670,652
2024,合肥工业大学,19,1,591,28362
2024,合肥工业大学(中外合作办学),19,1,567,50256
2024,合肥工业大学,19,1,605,18816
2024,安徽工业大学,19,1,533,93763
2024,安徽工业大学,19,1,520,113997
2024,安徽理工大学,19,1,526,104196
2024,安徽理工大学,19,1,529,100662
2024,安徽理工大学,19,1,531,97911
2024,安徽理工大学,19,1,532,96047
2024,安徽理工大学,19,1,529,101024
2024,安徽工程大学,19,1,509,131565
2024,安徽工程大学,19,1,511,128285
2024,安徽工程大学(中外合作办学),19,1,532,95836
2024,安徽农业大学,19,1,532,95946
2024,安徽农业大学,19,1,526,104760
2024,安徽农业大学,19,1,535,91339
2024,安徽医科大学,19,1,530,98343
2024,安徽医科大学,19,1,582,35940
2024,安徽中医药大学,19,1,517,118639
2024,安徽中医药大学,19,1,518,117594
2024,安徽中医药大学,19,1,527,104124
2024,安徽师范大学,19,1,533,94271
2024,安庆师范大学,19,1,522,110540
2024,淮北师范大学,19,1,512,127317
2024,淮北师范大学,19,1,523,109865
2024,安徽财经大学,19,1,529,100521
2024,安徽财经大学,19,1,536,89265
2024,安徽财经大学(中外合作办学),19,1,531,96669
2024,铜陵学院,19,1,509,132390
2024,铜陵学院,19,1,491,164470
2024,厦门大学,19,1,620,11294
2024,厦门大学,19,1,629,7968
2024,厦门大学,19,1,623,9968
2024,厦门大学(马来西亚分校),19,1,599,22846
2024,厦门大学(马来西亚分校),19,1,599,22843
2024,华侨大学,19,1,535,91113
2024,华侨大学,19,1,540,83511
2024,华侨大学,19,1,561,56748
2024,华侨大学,19,1,544,78414
2024,福州大学(闽台合作),19,1,566,51704
2024,福州大学,19,1,597,24063
2024,福州大学,19,1,592,27352
2024,福州大学(闽台合作),19,1,599,22674
2024,福建理工大学,19,1,518,117470
2024,福建理工大学,19,1,533,94264
2024,福建农林大学,19,1,541,82435
2024,福建农林大学,19,1,539,84822
2024,福建农林大学(中外合作办学),19,1,491,164178
2024,福建农林大学(中外合作办学),19,1,484,175644
2024,福建农林大学,19,1,528,101297
2024,福建农林大学,19,1,530,98844
2024,福建农林大学,19,1,548,72957
2024,集美大学,19,1,543,80178
2024,集美大学,19,1,558,60231
2024,集美大学,19,1,549,72223
2024,集美大学,19,1,550,70104
2024,集美大学,19,1,551,69125
2024,集美大学,19,1,535,91135
2024,福建医科大学,19,1,527,104080
2024,福建医科大学,19,1,549,72416
2024,福建医科大学,19,1,547,74754
2024,福建中医药大学,19,1,544,78545
2024,福建中医药大学,19,1,576,41330
2024,福建中医药大学(中外合作办学),19,1,511,129475
2024,福建师范大学,19,1,561,57109
2024,福建师范大学,19,1,531,97216
2024,福建师范大学,19,1,556,62432
2024,福建师范大学(中外合作办学),19,1,545,76662
2024,闽江学院,19,1,528,102384
2024,闽江学院,19,1,528,101568
2024,武夷学院,19,1,502,143672
2024,武夷学院,19,1,504,141356
2024,武夷学院,19,1,498,151016
2024,泉州师范学院,19,1,516,120877
2024,泉州师范学院,19,1,502,143939
2024,泉州师范学院,19,1,517,119469
2024,泉州师范学院,19,1,503,141902
2024,泉州师范学院,19,1,503,142927
2024,泉州师范学院,19,1,532,95653
2024,泉州师范学院,19,1,519,115105
2024,闽南师范大学(联合培养),19,1,514,124644
2024,闽南师范大学,19,1,516,120466
2024,闽南师范大学(联合培养),19,1,488,168204
2024,闽南师范大学,19,1,533,94231
2024,南昌大学,19,1,586,32007
2024,南昌大学,19,1,583,34914
2024,南昌大学,19,1,591,28043
2024,南昌大学,19,1,577,39834
2024,南昌大学,19,1,605,18644
2024,南昌大学(中外合作办学),19,1,590,28878
2024,南昌大学,19,1,606,18062
2024,南昌大学,19,1,570,47419
2024,华东交通大学,19,1,541,82825
2024,华东交通大学,19,1,541,81864
2024,华东交通大学,19,1,547,74167
2024,华东交通大学(联合培养),19,1,534,93186
2024,华东交通大学(中外合作办学),19,1,528,101359
2024,华东交通大学,19,1,542,81727
2024,华东交通大学,19,1,555,63886
2024,华东交通大学(联合培养),19,1,539,85492
2024,华东交通大学,19,1,541,82143
2024,东华理工大学(联合培养),19,1,455,230476
2024,东华理工大学,19,1,528,102556
2024,南昌航空大学,19,1,547,74912
2024,南昌航空大学,19,1,545,77494
2024,南昌航空大学(中外合作办学),19,1,547,74070
2024,江西理工大学,19,1,535,90988
2024,江西理工大学,19,1,530,99395
2024,江西理工大学,19,1,557,61386
2024,江西理工大学,19,1,530,98138
2024,江西理工大学(中外合作办学),19,1,548,73243
2024,江西理工大学,19,1,555,64265
2024,景德镇陶瓷大学,19,1,522,111225
2024,景德镇陶瓷大学,19,1,525,106018
2024,江西农业大学,19,1,516,120706
2024,江西农业大学,19,1,549,71495
2024,江西农业大学,19,1,518,117434
2024,江西中医药大学,19,1,516,120299
2024,江西中医药大学,19,1,540,84137
2024,江西中医药大学,19,1,527,103270
2024,江西中医药大学,19,1,558,60483
2024,赣南医科大学,19,1,507,135930
2024,赣南医科大学,19,1,519,115566
2024,江西师范大学,19,1,495,155947
2024,江西师范大学,19,1,566,51296
2024,江西师范大学,19,1,524,108495
2024,江西师范大学,19,1,524,107983
2024,上饶师范学院,19,1,509,132983
2024,上饶师范学院,19,1,501,145966
2024,上饶师范学院,19,1,494,158339
2024,上饶师范学院,19,1,508,133245
2024,上饶师范学院,19,1,493,160705
2024,上饶师范学院,19,1,503,142073
2024,宜春学院,19,1,499,150229
2024,宜春学院,19,1,504,141526
2024,宜春学院,19,1,499,149544
2024,宜春学院,19,1,517,119171
2024,宜春学院,19,1,510,131139
2024,赣南师范大学,19,1,492,162371
2024,赣南师范大学,19,1,537,88672
2024,赣南师范大学,19,1,525,105905
2024,赣南师范大学,19,1,534,92074
2024,赣南师范大学,19,1,522,110717
2024,赣南师范大学,19,1,540,83611
2024,井冈山大学,19,1,522,111364
2024,井冈山大学,19,1,514,123252
2024,井冈山大学,19,1,517,118405
2024,井冈山大学,19,1,502,143441
2024,江西财经大学,19,1,551,68875
2024,江西财经大学,19,1,546,76205
2024,江西财经大学,19,1,557,62327
2024,江西财经大学,19,1,554,65057
2024,江西财经大学,19,1,551,69088
2024,江西财经大学(中外合作办学),19,1,547,74755
2024,江西财经大学(中外合作办学),19,1,551,69421
2024,山东大学,19,1,609,16275
2024,山东大学,19,1,616,13067
2024,山东大学,19,1,612,14824
2024,山东大学,19,1,636,5770
2024,中国海洋大学,19,1,599,22642
2024,中国海洋大学,19,1,606,18196
2024,中国海洋大学,19,1,606,18165
2024,中国海洋大学,19,1,602,20388
2024,中国海洋大学,19,1,616,13108
2024,中国海洋大学(中外合作办学),19,1,602,20526
2024,中国海洋大学(中外合作办学),19,1,605,18839
2024,中国海洋大学(中外合作办学),19,1,608,17266
2024,中国海洋大学(中外合作办学),19,1,601,21388
2024,中国海洋大学(中外合作办学),19,1,598,23512
2024,山东科技大学,19,1,550,70366
2024,中国石油大学(华东),19,1,582,35261
2024,中国石油大学(华东),19,1,592,27846
2024,中国石油大学(华东),19,1,590,29261
2024,中国石油大学(华东),19,1,591,28390
2024,中国石油大学(华东),19,1,586,32588
2024,青岛科技大学,19,1,526,105271
2024,青岛科技大学,19,1,537,88231
2024,青岛科技大学,19,1,536,89080
2024,青岛科技大学,19,1,538,86728
2024,济南大学,19,1,534,92712
2024,济南大学,19,1,531,97295
2024,济南大学,19,1,528,101159
2024,济南大学,19,1,529,101015
2024,济南大学,19,1,545,77693
2024,济南大学,19,1,576,41602
2024,济南大学,19,1,546,76015
2024,济南大学,19,1,532,95763
2024,青岛理工大学,19,1,532,96138
2024,青岛理工大学,19,1,538,86178
2024,山东建筑大学,19,1,519,116350
2024,山东建筑大学,19,1,504,139987
2024,山东建筑大学(中外合作办学),19,1,505,139048
2024,山东建筑大学(中外合作办学),19,1,497,152293
2024,齐鲁工业大学,19,1,508,134443
2024,齐鲁工业大学,19,1,515,122996
2024,山东理工大学,19,1,536,90293
2024,山东理工大学,19,1,533,93837
2024,山东理工大学,19,1,532,96358
2024,山东农业大学,19,1,514,123116
2024,青岛农业大学,19,1,501,146613
2024,青岛农业大学,19,1,504,141358
2024,青岛农业大学(中外合作办学),19,1,506,137730
2024,青岛农业大学(中外合作办学),19,1,501,145366
2024,山东第二医科大学,19,1,510,131223
2024,山东第一医科大学,19,1,534,91863
2024,山东第一医科大学,19,1,542,80754
2024,山东第一医科大学,19,1,593,27003
2024,山东第一医科大学,19,1,581,36631
2024,山东第一医科大学,19,1,530,98801
2024,山东第一医科大学,19,1,528,102359
2024,山东第一医科大学,19,1,515,121734
2024,滨州医学院,19,1,497,153497
2024,山东中医药大学,19,1,511,129138
2024,济宁医学院,19,1,536,90033
2024,山东师范大学,19,1,565,52872
2024,山东师范大学,19,1,538,86190
2024,山东师范大学,19,1,559,59774
2024,山东师范大学,19,1,529,100593
2024,山东师范大学,19,1,555,64245
2024,山东师范大学,19,1,547,74087
2024,山东师范大学,19,1,529,100503
2024,山东师范大学(中外合作办学),19,1,525,106912
2024,聊城大学,19,1,533,94367
2024,聊城大学,19,1,507,135933
2024,山东航空学院,19,1,512,127807
2024,山东航空学院,19,1,522,110790
2024,鲁东大学,19,1,508,133084
2024,临沂大学,19,1,513,125814
2024,临沂大学,19,1,513,126300
2024,泰山学院,19,1,494,158836
2024,菏泽学院,19,1,502,144346
2024,菏泽学院,19,1,497,152557
2024,山东财经大学,19,1,542,80763
2024,山东财经大学,19,1,546,75139
2024,郑州大学,19,1,585,33301
2024,郑州大学,19,1,597,23654
2024,郑州大学,19,1,589,29773
2024,河南理工大学,19,1,534,92485
2024,河南理工大学,19,1,533,94117
2024,河南理工大学(中外合作办学),19,1,534,92556
2024,河南理工大学(中外合作办学),19,1,533,93434
2024,郑州轻工业大学,19,1,513,125434
2024,郑州轻工业大学(中外合作办学),19,1,530,98792
2024,河南工业大学,19,1,528,101369
2024,河南工业大学,19,1,527,102793
2024,河南工业大学,19,1,522,110378
2024,河南工业大学(豫台合作办学),19,1,540,83199
2024,河南工业大学(中外合作办学),19,1,513,125671
2024,河南科技大学,19,1,536,88889
2024,河南科技大学,19,1,542,81445
2024,河南科技大学,19,1,507,135261
2024,河南科技大学,19,1,539,85638
2024,河南科技大学(中外合作办学),19,1,523,109901
2024,河南科技大学(中外合作办学),19,1,528,101257
2024,中原工学院,19,1,492,162180
2024,河南农业大学,19,1,526,104273
2024,河南农业大学,19,1,533,93531
2024,河南农业大学,19,1,526,104464
2024,河南农业大学(中外合作办学),19,1,490,165313
2024,河南科技学院,19,1,495,157137
2024,河南科技学院,19,1,490,164607
2024,河南中医药大学,19,1,521,113418
2024,河南中医药大学,19,1,529,99571
2024,新乡医学院,19,1,544,77730
2024,河南大学,19,1,543,79902
2024,河南大学,19,1,558,61011
2024,河南大学,19,1,554,65257
2024,河南大学,19,1,541,82109
2024,河南大学,19,1,543,80196
2024,河南大学,19,1,558,60587
2024,河南大学,19,1,578,39447
2024,河南师范大学,19,1,553,66492
2024,河南师范大学,19,1,519,116662
2024,信阳师范大学(中外合作办学),19,1,484,176689
2024,信阳师范大学(中外合作办学),19,1,488,169311
2024,周口师范学院,19,1,495,156884
2024,周口师范学院,19,1,496,155243
2024,南阳师范学院,19,1,508,134671
2024,南阳师范学院,19,1,496,155347
2024,南阳师范学院,19,1,500,148621
2024,南阳师范学院,19,1,492,161617
2024,南阳师范学院(中外合作办学),19,1,488,169858
2024,南阳师范学院(中外合作办学),19,1,485,175046
2024,南阳师范学院,19,1,496,154584
2024,洛阳师范学院,19,1,512,127160
2024,商丘师范学院,19,1,495,156393
2024,商丘师范学院,19,1,497,153701
2024,商丘师范学院,19,1,499,149886
2024,商丘师范学院,19,1,492,162199
2024,河南财经政法大学,19,1,544,77922
2024,河南财经政法大学,19,1,520,114641
2024,郑州航空工业管理学院,19,1,513,125893
2024,郑州航空工业管理学院,19,1,525,106925
2024,武汉大学,19,1,630,7509
2024,武汉大学,19,1,642,4350
2024,武汉大学,19,1,645,3639
2024,武汉大学(中外合作办学),19,1,603,20111
2024,武汉大学(公共卫生类),19,1,623,10042
2024,华中科技大学,19,1,643,4089
2024,华中科技大学,19,1,649,2884
2024,华中科技大学(中外合作办学),19,1,614,14159
2024,华中科技大学,19,1,620,11083
2024,武汉科技大学,19,1,550,70126
2024,武汉科技大学,19,1,543,79245
2024,武汉科技大学,19,1,560,58636
2024,长江大学,19,1,539,85877
2024,长江大学,19,1,541,83119
2024,长江大学,19,1,539,85309
2024,长江大学,19,1,535,91014
2024,长江大学(中外合作办学),19,1,504,141712
2024,武汉工程大学,19,1,535,91534
2024,武汉工程大学,19,1,554,65585
2024,武汉工程大学(中外合作办学),19,1,537,88337
2024,中国地质大学(武汉),19,1,582,35425
2024,中国地质大学(武汉),19,1,586,32264
2024,中国地质大学(武汉)(中外合作办学),19,1,572,44956
2024,中国地质大学(武汉),19,1,593,26692
2024,武汉纺织大学,19,1,545,77646
2024,武汉纺织大学,19,1,528,102122
2024,武汉轻工大学,19,1,540,83286
2024,武汉理工大学(中外合作办学),19,1,587,31198
2024,武汉理工大学,19,1,597,23630
2024,武汉理工大学(中外合作办学),19,1,601,20998
2024,武汉理工大学(中外合作办学),19,1,587,30997
2024,武汉理工大学,19,1,622,10265
2024,武汉理工大学,19,1,623,10128
2024,武汉理工大学,19,1,620,11248
2024,武汉理工大学,19,1,618,12146
2024,湖北工业大学,19,1,530,98394
2024,湖北工业大学,19,1,542,80436
2024,湖北工业大学(中外合作办学),19,1,527,103041
2024,华中农业大学,19,1,581,36198
2024,华中农业大学,19,1,585,32946
2024,华中农业大学,19,1,588,30982
2024,湖北中医药大学,19,1,533,94846
2024,湖北中医药大学,19,1,536,89604
2024,湖北中医药大学,19,1,516,120289
2024,华中师范大学,19,1,588,30582
2024,华中师范大学,19,1,605,18584
2024,湖北大学,19,1,557,61813
2024,湖北大学,19,1,539,84941
2024,湖北大学,19,1,546,75943
2024,湖北大学(中外合作办学),19,1,550,71088
2024,湖北师范大学,19,1,558,60896
2024,湖北师范大学,19,1,549,72184
2024,湖北文理学院,19,1,508,134241
2024,湖北文理学院,19,1,513,125105
2024,中南财经政法大学,19,1,587,31655
2024,中南财经政法大学,19,1,583,34529
2024,中南财经政法大学,19,1,598,23519
2024,中南财经政法大学,19,1,583,34734
2024,中南财经政法大学(中外合作办学),19,1,568,49135
2024,中南财经政法大学,19,1,596,24467
2024,武汉体育学院,19,1,517,119172
2024,武汉体育学院,19,1,522,111083
2024,中南民族大学,19,1,538,86940
2024,中南民族大学,19,1,545,76840
2024,中南民族大学,19,1,541,82365
2024,中南民族大学,19,1,542,80657
2024,湖北汽车工业学院,19,1,526,105405
2024,湖北汽车工业学院(中外合作办学),19,1,521,113250
2024,湖北工程学院,19,1,508,133907
2024,湖北工程学院,19,1,516,119899
2024,湖北工程学院,19,1,517,119374
2024,湘潭大学,19,1,574,43346
2024,湘潭大学,19,1,571,46592
2024,吉首大学,19,1,533,94010
2024,吉首大学,19,1,523,109813
2024,吉首大学,19,1,527,103703
2024,吉首大学,19,1,517,119853
2024,湖南大学,19,1,606,18133
2024,湖南大学,19,1,611,15579
2024,湖南大学(本科预科班),19,1,578,38929
2024,中南大学,19,1,620,11102
2024,中南大学(中外合作办学),19,1,605,18678
2024,中南大学,19,1,629,7946
2024,中南大学,19,1,663,1177
2024,湖南科技大学,19,1,541,82478
2024,湖南科技大学,19,1,532,95407
2024,湖南科技大学,19,1,531,97751
2024,湖南科技大学,19,1,554,65854
2024,湖南科技大学,19,1,534,92458
2024,湖南科技大学,19,1,564,53903
2024,长沙理工大学,19,1,544,78350
2024,长沙理工大学,19,1,551,68886
2024,长沙理工大学,19,1,550,71043
2024,长沙理工大学,19,1,549,71912
2024,长沙理工大学,19,1,551,69882
2024,长沙理工大学,19,1,581,36371
2024,长沙理工大学(中外合作办学),19,1,538,86395
2024,长沙理工大学(中外合作办学),19,1,582,35628
2024,长沙理工大学(中外合作办学),19,1,561,57215
2024,湖南农业大学,19,1,540,84074
2024,湖南农业大学,19,1,529,100686
2024,湖南农业大学,19,1,535,91204
2024,湖南农业大学(中外合作办学),19,1,523,109642
2024,湖南农业大学,19,1,546,76326
2024,湖南农业大学,19,1,530,98500
2024,湖南农业大学,19,1,520,113520
2024,湖南农业大学,19,1,549,71291
2024,湖南农业大学(中外合作办学),19,1,510,129750
2024,湖南农业大学(中外合作办学),19,1,518,116818
2024,湖南农业大学,19,1,543,79659
2024,中南林业科技大学,19,1,529,100925
2024,中南林业科技大学,19,1,550,70891
2024,中南林业科技大学,19,1,523,109442
2024,中南林业科技大学,19,1,541,82278
2024,湖南中医药大学,19,1,537,87736
2024,湖南中医药大学,19,1,544,78959
2024,湖南中医药大学,19,1,527,103003
2024,湖南中医药大学,19,1,549,71772
2024,湖南中医药大学,19,1,547,74977
2024,湖南师范大学,19,1,578,39234
2024,湖南师范大学,19,1,588,30687
2024,湖南师范大学,19,1,593,26916
2024,湖南师范大学,19,1,596,24863
2024,湖南师范大学,19,1,593,26565
2024,湖南师范大学,19,1,577,40213
2024,湖南师范大学,19,1,603,19839
2024,湖南理工学院,19,1,530,99371
2024,湖南理工学院,19,1,504,141631
2024,湖南理工学院,19,1,532,95753
2024,湖南理工学院,19,1,515,122043
2024,湘南学院,19,1,506,138174
2024,湘南学院,19,1,514,124046
2024,湘南学院,19,1,502,143771
2024,衡阳师范学院,19,1,513,126026
2024,衡阳师范学院,19,1,508,133665
2024,衡阳师范学院,19,1,541,82701
2024,衡阳师范学院,19,1,520,115045
2024,衡阳师范学院,19,1,508,133300
2024,衡阳师范学院,19,1,531,96902
2024,邵阳学院,19,1,499,150049
2024,邵阳学院,19,1,499,150244
2024,邵阳学院,19,1,502,144418
2024,邵阳学院,19,1,497,153473
2024,邵阳学院,19,1,497,152670
2024,怀化学院,19,1,507,135056
2024,湖南文理学院,19,1,512,126370
2024,湖南科技学院,19,1,510,131312
2024,湖南人文科技学院,19,1,501,145365
2024,湖南人文科技学院(中外合作办学),19,1,493,160625
2024,湖南人文科技学院,19,1,501,146828
2024,湖南人文科技学院,19,1,526,104706
2024,湖南工商大学,19,1,538,87185
2024,湖南工商大学,19,1,540,84105
2024,湖南工商大学,19,1,561,56698
2024,南华大学,19,1,524,108168
2024,南华大学,19,1,522,111824
2024,南华大学,19,1,524,108458
2024,中山大学,19,1,625,9394
2024,中山大学,19,1,638,5409
2024,中山大学,19,1,633,6535
2024,中山大学,19,1,641,4607
2024,中山大学,19,1,643,4019
2024,中山大学,19,1,633,6728
2024,中山大学,19,1,624,9420
2024,暨南大学,19,1,584,34254
2024,暨南大学(中外合作办学),19,1,588,30523
2024,暨南大学,19,1,583,34753
2024,暨南大学,19,1,593,26901
2024,暨南大学(中外合作办学),19,1,594,25767
2024,暨南大学,19,1,591,28194
2024,暨南大学,19,1,595,25555
2024,暨南大学,19,1,597,23945
2024,暨南大学,19,1,590,28916
2024,汕头大学,19,1,551,68892
2024,汕头大学,19,1,550,70741
2024,汕头大学,19,1,555,63811
2024,汕头大学,19,1,550,70026
2024,汕头大学(地方专项),19,1,535,90392
2024,华南理工大学,19,1,637,5640
2024,华南理工大学,19,1,617,12608
2024,华南理工大学,19,1,614,13907
2024,华南理工大学,19,1,610,15907
2024,华南农业大学,19,1,569,48709
2024,华南农业大学,19,1,566,51438
2024,华南农业大学,19,1,564,54095
2024,华南农业大学,19,1,564,53739
2024,华南农业大学,19,1,561,57338
2024,华南农业大学,19,1,574,43607
2024,华南农业大学,19,1,571,46082
2024,华南农业大学,19,1,585,33470
2024,华南农业大学,19,1,580,37202
2024,华南农业大学,19,1,567,50393
2024,华南农业大学,19,1,569,48091
2024,华南农业大学,19,1,566,51573
2024,华南农业大学,19,1,562,56126
2024,华南农业大学,19,1,586,32008
2024,华南农业大学,19,1,565,52605
2024,华南农业大学,19,1,575,42112
2024,华南农业大学,19,1,563,54535
2024,华南农业大学(国际班),19,1,544,78822
2024,华南农业大学(国际班),19,1,537,88276
2024,华南农业大学(中外合作办学),19,1,542,80535
2024,华南农业大学(地方专项),19,1,529,100360
2024,广东海洋大学,19,1,543,79492
2024,广东海洋大学,19,1,524,108463
2024,广东海洋大学,19,1,506,136679
2024,广东海洋大学,19,1,507,135599
2024,广东海洋大学,19,1,534,92479
2024,广东海洋大学,19,1,514,123358
2024,广东海洋大学,19,1,534,93143
2024,广东海洋大学,19,1,509,131573
2024,广东海洋大学,19,1,507,136202
2024,广东海洋大学,19,1,505,139369
2024,广东海洋大学,19,1,508,133868
2024,广东海洋大学,19,1,525,106726
2024,广东海洋大学,19,1,523,110208
2024,广东海洋大学,19,1,510,130851
2024,广东海洋大学,19,1,529,99737
2024,广东海洋大学(地方专项),19,1,525,106037
2024,广东海洋大学(地方专项),19,1,535,91438
2024,广东海洋大学(地方专项),19,1,514,124373
2024,广东海洋大学,19,1,511,128208
2024,广东海洋大学,19,1,509,131845
2024,广东海洋大学,19,1,541,82948
2024,广东海洋大学,19,1,533,94643
2024,广东海洋大学,19,1,531,97667
2024,广东海洋大学,19,1,511,128517
2024,广东海洋大学(中外合作办学),19,1,518,116799
2024,广州医科大学,19,1,615,13250
2024,广州医科大学,19,1,557,62058
2024,广州医科大学(地方专项),19,1,525,106336
2024,广东医科大学,19,1,549,71522
2024,广东医科大学,19,1,509,132150
2024,广东医科大学,19,1,520,114506
2024,广东医科大学,19,1,523,109148
2024,广东医科大学,19,1,518,117201
2024,广东医科大学(地方专项),19,1,528,101105
2024,广东医科大学(地方专项),19,1,523,110160
2024,广东医科大学,19,1,535,90874
2024,广东医科大学,19,1,543,80198
2024,广东医科大学(协同培养),19,1,507,135597
2024,广东医科大学(协同培养),19,1,510,131086
2024,广州中医药大学,19,1,603,19907
2024,广州中医药大学,19,1,559,59522
2024,广州中医药大学,19,1,564,53284
2024,广州中医药大学,19,1,547,74220
2024,广州中医药大学,19,1,549,71740
2024,广州中医药大学,19,1,548,72683
2024,广州中医药大学,19,1,547,74202
2024,广州中医药大学(地方专项),19,1,559,59606
2024,广州中医药大学(地方专项),19,1,540,83738
2024,广州中医药大学(地方专项),19,1,542,80992
2024,广东药科大学,19,1,554,65158
2024,广东药科大学,19,1,522,111811
2024,广东药科大学,19,1,520,113816
2024,广东药科大学,19,1,544,78409
2024,广东药科大学,19,1,502,143557
2024,广东药科大学(国际班),19,1,519,116206
2024,广东药科大学,19,1,505,138472
2024,华南师范大学,19,1,613,14654
2024,华南师范大学,19,1,608,16887
2024,华南师范大学,19,1,599,22739
2024,华南师范大学,19,1,602,20693
2024,华南师范大学,19,1,603,19984
2024,华南师范大学,19,1,591,28119
2024,华南师范大学,19,1,600,21517
2024,华南师范大学,19,1,600,21550
2024,华南师范大学,19,1,580,37529
2024,华南师范大学,19,1,582,35890
2024,华南师范大学,19,1,589,30121
2024,华南师范大学,19,1,590,29067
2024,华南师范大学,19,1,596,24479
2024,华南师范大学,19,1,586,32091
2024,华南师范大学(中外合作办学),19,1,572,45510
2024,华南师范大学(中外合作办学),19,1,575,42093
2024,华南师范大学(联合培养),19,1,555,64306
2024,华南师范大学(联合培养),19,1,587,31359
2024,华南师范大学(地方专项),19,1,571,46422
2024,华南师范大学(地方专项),19,1,547,73731
2024,华南师范大学(地方专项),19,1,573,44566
2024,华南师范大学(地方专项),19,1,566,51699
2024,华南师范大学(地方专项),19,1,573,43959
2024,华南师范大学(地方专项),19,1,592,27786
2024,华南师范大学(地方专项),19,1,585,32724
2024,华南师范大学(地方专项),19,1,586,32152
2024,韶关学院,19,1,499,150084
2024,韶关学院,19,1,509,131803
2024,韶关学院,19,1,501,145428
2024,韶关学院,19,1,493,160299
2024,韶关学院,19,1,495,157477
2024,韶关学院(协同培养),19,1,488,168364
2024,韶关学院,19,1,510,130370
2024,韶关学院,19,1,521,112637
2024,韶关学院,19,1,506,137672
2024,韶关学院,19,1,500,148138
2024,韶关学院,19,1,501,146576
2024,韶关学院,19,1,499,150371
2024,韶关学院(协同培养),19,1,495,156107
2024,韶关学院(协同培养),19,1,504,140599
2024,韶关学院(学分互认),19,1,500,148151
2024,韶关学院(学分互认),19,1,497,152924
2024,韶关学院(校企联合培养),19,1,510,130645
2024,韶关学院,19,1,510,131019
2024,韶关学院,19,1,503,142424
2024,韶关学院,19,1,507,135894
2024,韶关学院,19,1,504,140295
2024,韶关学院,19,1,541,82372
2024,韶关学院,19,1,499,149278
2024,韶关学院,19,1,512,127820
2024,韶关学院,19,1,500,146940
2024,韶关学院,19,1,497,153236
2024,韶关学院,19,1,505,139013
2024,韶关学院,19,1,493,160258
2024,韶关学院,19,1,493,159718
2024,韶关学院,19,1,493,160114
2024,韶关学院,19,1,499,149992
2024,惠州学院,19,1,538,86643
2024,惠州学院,19,1,521,113112
2024,惠州学院,19,1,503,143304
2024,惠州学院,19,1,499,149479
2024,惠州学院,19,1,509,132109
2024,惠州学院,19,1,530,98270
2024,惠州学院,19,1,543,79243
2024,惠州学院,19,1,534,92638
2024,惠州学院,19,1,526,105410
2024,惠州学院,19,1,525,106105
2024,惠州学院,19,1,501,146663
2024,惠州学院,19,1,525,106823
2024,惠州学院,19,1,520,113619
2024,惠州学院,19,1,504,140125
2024,惠州学院,19,1,500,148207
2024,惠州学院,19,1,518,117196
2024,惠州学院,19,1,512,126443
2024,惠州学院,19,1,519,116246
2024,惠州学院,19,1,497,152692
2024,惠州学院,19,1,523,108858
2024,惠州学院,19,1,509,132509
2024,惠州学院,19,1,504,140185
2024,惠州学院(中外合作办学),19,1,470,201970
2024,韩山师范学院,19,1,523,109707
2024,韩山师范学院,19,1,517,118752
2024,韩山师范学院,19,1,501,146574
2024,韩山师范学院,19,1,502,144055
2024,韩山师范学院,19,1,504,140539
2024,韩山师范学院,19,1,492,162681
2024,韩山师范学院,19,1,490,164836
2024,韩山师范学院,19,1,498,150485
2024,韩山师范学院,19,1,503,142689
2024,韩山师范学院,19,1,499,149849
2024,韩山师范学院(协同培养),19,1,501,145794
2024,韩山师范学院(协同培养),19,1,497,153669
2024,韩山师范学院(协同培养),19,1,490,165905
2024,韩山师范学院(中外合作办学),19,1,482,180282
2024,岭南师范学院,19,1,530,98530
2024,岭南师范学院,19,1,520,114345
2024,岭南师范学院,19,1,490,165082
2024,岭南师范学院,19,1,498,151745
2024,岭南师范学院,19,1,502,143485
2024,岭南师范学院,19,1,502,145049
2024,岭南师范学院,19,1,499,149376
2024,岭南师范学院,19,1,506,137572
2024,岭南师范学院,19,1,504,141434
2024,岭南师范学院,19,1,503,141861
2024,岭南师范学院,19,1,502,144374
2024,岭南师范学院,19,1,509,132244
2024,岭南师范学院,19,1,503,142625
2024,岭南师范学院,19,1,501,146322
2024,岭南师范学院,19,1,504,140570
2024,岭南师范学院,19,1,517,119399
2024,岭南师范学院,19,1,515,121887
2024,岭南师范学院,19,1,514,124010
2024,岭南师范学院,19,1,506,137654
2024,岭南师范学院,19,1,519,115305
2024,岭南师范学院,19,1,519,116398
2024,岭南师范学院,19,1,511,128420
2024,岭南师范学院,19,1,519,115320
2024,岭南师范学院(协同培养),19,1,501,146761
2024,岭南师范学院(协同培养),19,1,503,141962
2024,岭南师范学院(中外合作办学),19,1,478,186761
2024,肇庆学院,19,1,502,143718
2024,肇庆学院,19,1,504,140590
2024,肇庆学院,19,1,506,137097
2024,肇庆学院,19,1,508,134232
2024,肇庆学院,19,1,508,134624
2024,肇庆学院,19,1,506,136602
2024,肇庆学院,19,1,495,157241
2024,肇庆学院,19,1,495,156368
2024,肇庆学院,19,1,519,115677
2024,肇庆学院,19,1,519,116542
2024,肇庆学院,19,1,528,102219
2024,肇庆学院,19,1,499,149860
2024,嘉应学院,19,1,495,156681
2024,嘉应学院,19,1,490,165240
2024,嘉应学院,19,1,490,165415
2024,嘉应学院,19,1,541,82821
2024,嘉应学院(协同培养),19,1,490,165498
2024,嘉应学院,19,1,512,126816
2024,嘉应学院,19,1,510,131188
2024,嘉应学院,19,1,507,135068
2024,嘉应学院,19,1,520,113491
2024,嘉应学院,19,1,496,154486
2024,嘉应学院,19,1,497,153612
2024,嘉应学院,19,1,496,154222
2024,嘉应学院,19,1,500,147315
2024,嘉应学院(联合培养),19,1,492,162079
2024,嘉应学院(联合培养),19,1,492,162528
2024,广州体育学院,19,1,509,131727
2024,广州体育学院,19,1,516,120589
2024,广州美术学院,19,1,520,114605
2024,广州美术学院,19,1,526,104470
2024,星海音乐学院,19,1,524,108278
2024,广东技术师范大学,19,1,547,74643
2024,广东技术师范大学,19,1,557,61640
2024,广东技术师范大学,19,1,550,70828
2024,广东技术师范大学,19,1,543,79657
2024,广东技术师范大学(地方专项),19,1,541,82127
2024,广东技术师范大学,19,1,536,89410
2024,广东技术师范大学,19,1,530,99249
2024,广东技术师范大学,19,1,537,88077
2024,广东技术师范大学,19,1,525,106941
2024,广东技术师范大学,19,1,535,91023
2024,广东技术师范大学,19,1,533,94405
2024,广东技术师范大学,19,1,532,96406
2024,广东技术师范大学,19,1,525,106901
2024,广东技术师范大学,19,1,534,92287
2024,广东技术师范大学,19,1,512,127809
2024,广东技术师范大学,19,1,545,77193
2024,广东技术师范大学,19,1,531,96600
2024,广东技术师范大学,19,1,531,97846
2024,广东技术师范大学,19,1,527,102615
2024,广东技术师范大学,19,1,525,107023
2024,广东技术师范大学,19,1,530,98447
2024,广东技术师范大学,19,1,537,87626
2024,广东技术师范大学,19,1,520,113582
2024,广东技术师范大学,19,1,519,116104
2024,广东技术师范大学(国际班),19,1,507,135518
2024,广东技术师范大学(国际班),19,1,505,138583
2024,广东技术师范大学(国际班),19,1,499,148871
2024,广东技术师范大学(少数民族班),19,1,433,267886
2024,广东技术师范大学(少数民族班),19,1,422,286797
2024,广东技术师范大学(少数民族班),19,1,442,252780
2024,广东技术师范大学(少数民族班),19,1,433,268402
2024,广东技术师范大学(少数民族班),19,1,460,219789
2024,广东技术师范大学(少数民族班),19,1,457,226278
2024,广东技术师范大学(少数民族班),19,1,485,174832
2024,广东技术师范大学(少数民族班),19,1,457,225189
2024,广东技术师范大学(少数民族班),19,1,433,268188
2024,广东技术师范大学(少数民族班),19,1,445,247821
2024,广东技术师范大学(少数民族班),19,1,447,244961
2024,广东技术师范大学(少数民族班),19,1,452,235022
2024,广东技术师范大学(少数民族班),19,1,461,218007
2024,广东技术师范大学(少数民族班),19,1,421,288551
2024,广东技术师范大学(少数民族班),19,1,426,279212
2024,海南大学,19,1,567,50625
2024,海南大学(中外合作办学),19,1,540,84284
2024,海南大学,19,1,577,40614
2024,海南大学,19,1,567,50804
2024,海南大学,19,1,570,47219
2024,海南大学,19,1,594,26058
2024,海南大学,19,1,596,24752
2024,海南大学(中外合作办学),19,1,571,46335
2024,深圳大学,19,1,628,8237
2024,深圳大学,19,1,600,21989
2024,深圳大学,19,1,597,23727
2024,深圳大学,19,1,610,15759
2024,深圳大学,19,1,604,19452
2024,深圳大学,19,1,604,19633
2024,深圳大学,19,1,610,16114
2024,深圳大学,19,1,610,16162
2024,深圳大学,19,1,596,24428
2024,深圳大学,19,1,594,26086
2024,深圳大学,19,1,595,25235
2024,深圳大学,19,1,618,12064
2024,深圳大学,19,1,613,14657
2024,深圳大学,19,1,589,29998
2024,深圳大学,19,1,591,28592
2024,深圳大学,19,1,593,26360
2024,深圳大学,19,1,588,30502
2024,深圳大学,19,1,589,29849
2024,深圳大学,19,1,596,24701
2024,深圳大学,19,1,595,25110
2024,深圳大学,19,1,605,18639
2024,深圳大学,19,1,591,28089
2024,深圳大学(中外合作办学),19,1,578,39128
2024,深圳大学(地方专项),19,1,578,38998
2024,深圳大学(地方专项),19,1,572,45408
2024,深圳大学(地方专项),19,1,587,31338
2024,深圳大学(地方专项),19,1,557,61446
2024,深圳大学(地方专项),19,1,567,49788
2024,广东财经大学,19,1,543,79414
2024,广东财经大学,19,1,538,86634
2024,广东财经大学,19,1,564,54020
2024,广东财经大学,19,1,544,78460
2024,广东财经大学,19,1,544,78330
2024,广东财经大学,19,1,550,71086
2024,广东财经大学,19,1,546,75989
2024,广东财经大学(联合培养),19,1,533,93683
2024,广东财经大学(联合培养),19,1,535,91788
2024,广东财经大学(地方专项),19,1,551,68770
2024,广东财经大学(地方专项),19,1,533,93510
2024,广西大学,19,1,566,51130
2024,广西大学,19,1,584,33599
2024,广西大学,19,1,567,50257
2024,广西科技大学,19,1,522,110912
2024,广西科技大学,19,1,511,128565
2024,广西科技大学,19,1,513,125981
2024,桂林电子科技大学,19,1,540,83439
2024,桂林电子科技大学,19,1,563,54735
2024,桂林电子科技大学(本科预科班),19,1,456,228598
2024,桂林理工大学,19,1,520,113683
2024,桂林理工大学,19,1,520,114042
2024,桂林理工大学(中外合作办学),19,1,522,111256
2024,广西医科大学,19,1,522,111888
2024,广西医科大学,19,1,553,66235
2024,广西医科大学,19,1,541,82091
2024,右江民族医学院,19,1,502,144830
2024,右江民族医学院,19,1,497,153990
2024,右江民族医学院,19,1,501,145922
2024,右江民族医学院,19,1,514,124368
2024,广西中医药大学,19,1,552,67681
2024,广西中医药大学,19,1,539,85494
2024,广西中医药大学,19,1,514,123215
2024,广西中医药大学(联合培养),19,1,503,142285
2024,桂林医学院,19,1,532,95877
2024,桂林医学院(联合培养),19,1,494,157699
2024,广西师范大学,19,1,572,45420
2024,广西师范大学,19,1,534,92671
2024,广西师范大学(联合培养),19,1,516,120695
2024,广西师范大学,19,1,564,53551
2024,广西师范大学,19,1,567,49981
2024,广西师范大学,19,1,551,68609
2024,广西师范大学,19,1,549,71863
2024,广西师范大学(联合培养),19,1,503,143106
2024,南宁师范大学,19,1,516,121145
2024,南宁师范大学,19,1,549,72005
2024,南宁师范大学,19,1,530,99458
2024,南宁师范大学(桂台合作办学),19,1,521,113063
2024,河池学院,19,1,501,145403
2024,河池学院,19,1,494,157709
2024,玉林师范学院,19,1,496,155187
2024,玉林师范学院,19,1,499,150450
2024,玉林师范学院,19,1,491,163305
2024,玉林师范学院,19,1,489,166663
2024,玉林师范学院,19,1,496,155723
2024,广西艺术学院,19,1,498,151331
2024,广西民族大学,19,1,528,101372
2024,广西民族大学,19,1,507,135766
2024,广西民族大学,19,1,541,83029
2024,广西民族大学(联合培养),19,1,510,131292
2024,广西民族大学,19,1,512,126627
2024,广西民族大学,19,1,507,134764
2024,广西民族大学(联合培养),19,1,527,103102
2024,广西民族大学,19,1,506,136648
2024,广西民族大学,19,1,506,136775
2024,四川大学,19,1,614,13691
2024,四川大学(中外合作办学),19,1,612,14904
2024,四川大学,19,1,618,12055
2024,四川大学(中外合作办学),19,1,615,13322
2024,四川大学,19,1,646,3432
2024,四川大学(中外合作办学),19,1,615,13380
2024,重庆大学,19,1,616,13017
2024,重庆大学(中外合作办学),19,1,608,16889
2024,西南交通大学,19,1,586,32283
2024,西南交通大学(中外合作办学),19,1,594,26315
2024,西南交通大学(中外合作办学),19,1,573,43749
2024,电子科技大学,19,1,640,4697
2024,西南石油大学,19,1,557,61983
2024,西南石油大学,19,1,564,53320
2024,西南石油大学,19,1,561,56755
2024,西南石油大学,19,1,568,49639
2024,西南石油大学,19,1,578,39044
2024,成都理工大学,19,1,556,62507
2024,成都理工大学,19,1,566,51643
2024,成都理工大学(中外合作办学),19,1,542,80709
2024,成都理工大学,19,1,563,55192
2024,成都理工大学,19,1,559,59732
2024,成都理工大学,19,1,555,64432
2024,成都理工大学,19,1,568,49107
2024,成都理工大学,19,1,581,36806
2024,成都理工大学(中外合作办学),19,1,570,46869
2024,成都理工大学,19,1,579,38598
2024,重庆邮电大学,19,1,571,46401
2024,重庆邮电大学,19,1,583,34509
2024,重庆邮电大学(中外合作办学),19,1,572,45174
2024,重庆交通大学,19,1,547,74476
2024,重庆交通大学,19,1,538,86607
2024,重庆交通大学,19,1,542,81739
2024,重庆交通大学,19,1,542,81489
2024,重庆交通大学,19,1,568,49357
2024,西南科技大学,19,1,536,89585
2024,西南科技大学,19,1,527,103843
2024,西南科技大学(中外合作办学),19,1,507,136303
2024,成都信息工程大学,19,1,559,59894
2024,成都信息工程大学,19,1,563,55194
2024,成都信息工程大学,19,1,561,57416
2024,四川轻化工大学,19,1,535,91494
2024,四川轻化工大学,19,1,536,89587
2024,四川轻化工大学,19,1,529,99517
2024,西华大学,19,1,535,91237
2024,西华大学,19,1,545,76570
2024,西华大学,19,1,556,62587
2024,西华大学(本科预科班),19,1,470,202167
2024,中国民用航空飞行学院,19,1,528,102113
2024,中国民用航空飞行学院,19,1,519,116082
2024,中国民用航空飞行学院,19,1,532,95524
2024,中国民用航空飞行学院,19,1,530,98032
2024,中国民用航空飞行学院,19,1,530,98347
2024,四川农业大学,19,1,558,60376
2024,四川农业大学,19,1,558,60537
2024,西昌学院,19,1,520,114745
2024,重庆医科大学(中外合作办学),19,1,588,30391
2024,重庆医科大学,19,1,601,21424
2024,重庆医科大学,19,1,563,54891
2024,西南医科大学,19,1,526,104188
2024,成都中医药大学,19,1,544,78585
2024,成都中医药大学(中外合作办学),19,1,533,93773
2024,成都中医药大学,19,1,546,75924
2024,成都中医药大学,19,1,582,35619
2024,成都中医药大学,19,1,557,61260
2024,成都中医药大学,19,1,552,68230
2024,成都中医药大学(中外合作办学),19,1,532,95239
2024,川北医学院,19,1,554,65019
2024,川北医学院,19,1,549,71752
2024,川北医学院,19,1,526,104597
2024,西南大学,19,1,576,40789
2024,西南大学,19,1,574,43701
2024,西南大学(中外合作办学),19,1,592,27372
2024,西南大学(中外合作办学),19,1,588,30184
2024,西南大学,19,1,589,30071
2024,西南大学,19,1,592,27853
2024,西南大学,19,1,592,27539
2024,西南大学,19,1,613,14383
2024,西南大学(中外合作办学),19,1,567,50167
2024,西南大学(中外合作办学),19,1,574,42846
2024,西南大学,19,1,605,18766
2024,西南大学,19,1,587,31083
2024,四川师范大学,19,1,533,94919
2024,四川师范大学,19,1,548,73137
2024,四川师范大学,19,1,556,62388
2024,四川师范大学,19,1,552,67671
2024,四川师范大学,19,1,546,75945
2024,四川师范大学,19,1,532,95228
2024,四川师范大学,19,1,534,92940
2024,四川师范大学,19,1,545,76487
2024,重庆师范大学,19,1,542,81585
2024,重庆师范大学,19,1,549,71209
2024,重庆师范大学,19,1,539,84675
2024,重庆师范大学,19,1,568,49473
2024,西华师范大学,19,1,522,110950
2024,西华师范大学,19,1,517,118409
2024,西华师范大学,19,1,530,99393
2024,内江师范学院,19,1,521,113283
2024,内江师范学院,19,1,525,106612
2024,内江师范学院,19,1,515,121831
2024,内江师范学院,19,1,512,127277
2024,重庆文理学院,19,1,504,141042
2024,重庆三峡学院,19,1,523,110033
2024,重庆三峡学院,19,1,502,143763
2024,四川文理学院,19,1,503,141964
2024,四川文理学院,19,1,503,142676
2024,长江师范学院,19,1,512,126628
2024,长江师范学院(中外合作办学),19,1,484,175735
2024,乐山师范学院,19,1,500,148351
2024,乐山师范学院,19,1,498,151649
2024,四川外国语大学,19,1,548,73487
2024,四川外国语大学(中外合作办学),19,1,535,90897
2024,四川外国语大学,19,1,534,92828
2024,四川外国语大学(中外合作办学),19,1,525,106363
2024,四川外国语大学,19,1,549,71372
2024,西南财经大学,19,1,602,20470
2024,西南财经大学(中外合作办学),19,1,578,39521
2024,西南财经大学,19,1,606,18010
2024,西南政法大学,19,1,583,34814
2024,西南政法大学,19,1,583,34530
2024,西南政法大学(中外合作办学),19,1,613,14575
2024,四川音乐学院,19,1,521,112167
2024,四川音乐学院(中外合作办学),19,1,516,121032
2024,四川美术学院,19,1,519,116451
2024,四川美术学院,19,1,551,69216
2024,西南民族大学,19,1,532,95157
2024,西南民族大学,19,1,534,93254
2024,西南民族大学,19,1,543,80262
2024,西南民族大学,19,1,549,71732
2024,西南民族大学,19,1,531,96975
2024,贵州大学,19,1,577,40402
2024,贵州大学,19,1,578,39495
2024,贵州大学,19,1,576,41131
2024,贵州大学(中外合作办学),19,1,570,47099
2024,贵州大学(中外合作办学),19,1,552,67620
2024,贵州大学(中外合作办学),19,1,551,68963
2024,贵州医科大学,19,1,563,54772
2024,贵州医科大学(联合培养),19,1,472,197873
2024,贵州医科大学(中外合作办学),19,1,516,120190
2024,贵州医科大学(联合培养),19,1,510,131089
2024,贵州医科大学,19,1,513,125001
2024,遵义医科大学,19,1,510,130327
2024,遵义医科大学,19,1,534,92425
2024,遵义医科大学,19,1,515,123050
2024,遵义医科大学,19,1,562,56337
2024,遵义医科大学,19,1,519,115437
2024,遵义医科大学,19,1,521,113090
2024,遵义医科大学,19,1,518,118035
2024,贵州中医药大学,19,1,531,97420
2024,贵州中医药大学,19,1,522,111434
2024,贵州中医药大学,19,1,487,171785
2024,贵州中医药大学,19,1,515,122943
2024,贵州中医药大学(中外合作办学),19,1,503,142549
2024,贵州师范大学,19,1,554,65258
2024,贵州师范大学,19,1,527,103494
2024,贵州师范大学,19,1,537,88326
2024,安顺学院,19,1,502,144598
2024,安顺学院,19,1,495,157224
2024,安顺学院,19,1,493,160402
2024,贵州工程应用技术学院,19,1,497,153867
2024,凯里学院,19,1,493,159581
2024,凯里学院,19,1,496,154611
2024,凯里学院(中外合作办学),19,1,488,169869
2024,贵州财经大学,19,1,524,108109
2024,贵州财经大学(中外合作办学),19,1,521,112569
2024,云南大学,19,1,559,59814
2024,云南大学,19,1,578,38861
2024,云南大学,19,1,575,42347
2024,云南大学(中外合作办学),19,1,557,61326
2024,云南大学,19,1,589,29989
2024,云南大学,19,1,596,24307
2024,昆明理工大学,19,1,539,84760
2024,昆明理工大学,19,1,546,76041
2024,云南农业大学,19,1,528,101689
2024,云南农业大学,19,1,525,106357
2024,云南农业大学(中外合作办学),19,1,500,148349
2024,云南农业大学,19,1,513,125169
2024,云南农业大学(中外合作办学),19,1,517,118991
2024,西南林业大学,19,1,523,109052
2024,西南林业大学,19,1,514,124380
2024,西南林业大学,19,1,520,115062
2024,西南林业大学(中外合作办学),19,1,522,110951
2024,西南林业大学,19,1,533,94765
2024,昆明医科大学,19,1,522,110787
2024,昆明医科大学(中外合作办学),19,1,507,135659
2024,大理大学,19,1,523,109996
2024,大理大学,19,1,515,121690
2024,大理大学,19,1,525,106330
2024,云南中医药大学,19,1,516,120768
2024,云南师范大学,19,1,555,64188
2024,云南师范大学,19,1,525,106660
2024,云南师范大学,19,1,559,58886
2024,普洱学院,19,1,490,164964
2024,红河学院,19,1,496,155171
2024,红河学院,19,1,495,156913
2024,云南财经大学,19,1,517,118809
2024,云南财经大学(中外合作办学),19,1,511,129336
2024,云南财经大学,19,1,522,111646
2024,云南财经大学,19,1,522,110669
2024,云南财经大学(中外合作办学),19,1,497,153809
2024,云南民族大学,19,1,544,78197
2024,西藏大学,19,1,533,93976
2024,西藏大学,19,1,542,80402
2024,西藏大学,19,1,529,100604
2024,西藏大学,19,1,543,79544
2024,西藏大学,19,1,539,85028
2024,西北大学,19,1,592,27486
2024,西北大学,19,1,603,19707
2024,西北大学,19,1,602,20424
2024,西北大学(中外合作办学),19,1,567,50369
2024,西安交通大学,19,1,640,4861
2024,西安交通大学,19,1,648,3031
2024,西安交通大学(中外合作办学),19,1,605,18729
2024,西北工业大学,19,1,635,6020
2024,西安理工大学,19,1,555,64511
2024,西安理工大学(中外合作办学),19,1,546,76224
2024,西安电子科技大学,19,1,611,15314
2024,西安电子科技大学(中外合作办学),19,1,604,19520
2024,西安电子科技大学,19,1,625,9355
2024,西安电子科技大学(中外合作办学),19,1,610,16188
2024,西安工业大学,19,1,551,69012
2024,西安工业大学,19,1,551,69681
2024,西安工业大学(中外合作办学),19,1,546,75908
2024,西安建筑科技大学,19,1,566,50884
2024,西安建筑科技大学(中外合作办学),19,1,536,89550
2024,西安建筑科技大学,19,1,539,85323
2024,西安建筑科技大学(中外合作办学),19,1,537,88249
2024,西安建筑科技大学,19,1,553,66814
2024,西安科技大学,19,1,543,80201
2024,西安科技大学,19,1,557,61376
2024,西安科技大学,19,1,539,84711
2024,西安石油大学,19,1,534,93122
2024,西安石油大学,19,1,533,94770
2024,西安石油大学,19,1,542,81109
2024,西安石油大学,19,1,562,56383
2024,陕西科技大学,19,1,548,72963
2024,陕西科技大学(中外合作办学),19,1,542,80853
2024,西安工程大学,19,1,549,71682
2024,西安工程大学,19,1,525,105708
2024,长安大学,19,1,567,50458
2024,长安大学,19,1,579,38341
2024,长安大学(中外合作办学),19,1,573,44719
2024,长安大学(中外合作办学),19,1,578,39742
2024,西北农林科技大学,19,1,593,26831
2024,西北农林科技大学,19,1,598,22923
2024,西北农林科技大学,19,1,599,22584
2024,西北农林科技大学,19,1,589,29731
2024,西北农林科技大学(中外合作办学),19,1,577,39859
2024,西北农林科技大学(中外合作办学),19,1,579,38705
2024,西北农林科技大学,19,1,602,20336
2024,陕西中医药大学,19,1,520,113896
2024,陕西师范大学,19,1,607,17692
2024,陕西师范大学,19,1,581,36489
2024,陕西师范大学,19,1,582,36079
2024,陕西师范大学,19,1,590,29108
2024,陕西师范大学,19,1,596,24398
2024,陕西师范大学,19,1,591,28259
2024,陕西师范大学,19,1,590,28929
2024,陕西师范大学,19,1,587,31671
2024,延安大学,19,1,520,114081
2024,延安大学,19,1,521,112963
2024,延安大学,19,1,516,120692
2024,陕西理工大学,19,1,523,109746
2024,陕西理工大学,19,1,529,99506
2024,陕西理工大学(中外合作办学),19,1,511,128953
2024,宝鸡文理学院,19,1,497,153915
2024,咸阳师范学院,19,1,502,143525
2024,咸阳师范学院,19,1,509,132951
2024,咸阳师范学院,19,1,514,124256
2024,西安外国语大学,19,1,549,72260
2024,西安外国语大学,19,1,540,83647
2024,西安外国语大学,19,1,539,85349
2024,西北政法大学,19,1,609,16745
2024,西北政法大学,19,1,582,35470
2024,兰州大学,19,1,599,22441
2024,兰州大学,19,1,600,21715
2024,兰州大学,19,1,609,16362
2024,兰州大学,19,1,612,14690
2024,兰州大学,19,1,601,21510
2024,兰州大学,19,1,609,16624
2024,兰州大学(中外合作办学),19,1,605,18956
2024,兰州理工大学,19,1,510,130496
2024,兰州理工大学,19,1,527,103989
2024,兰州理工大学,19,1,521,112163
2024,兰州理工大学,19,1,519,115230
2024,兰州理工大学,19,1,547,73803
2024,兰州理工大学,19,1,542,80954
2024,兰州交通大学,19,1,537,87456
2024,兰州交通大学,19,1,534,92616
2024,兰州交通大学,19,1,556,63181
2024,甘肃农业大学,19,1,494,158288
2024,甘肃中医药大学,19,1,505,138670
2024,甘肃中医药大学,19,1,506,136551
2024,甘肃中医药大学,19,1,535,90958
2024,西北师范大学,19,1,531,97511
2024,西北师范大学,19,1,544,78603
2024,西北师范大学,19,1,538,86726
2024,陇东学院,19,1,495,156085
2024,陇东学院,19,1,496,154787
2024,陇东学院,19,1,491,163716
2024,天水师范学院,19,1,499,150360
2024,天水师范学院,19,1,499,149727
2024,天水师范学院,19,1,501,146493
2024,天水师范学院,19,1,491,163808
2024,兰州财经大学,19,1,505,138441
2024,兰州财经大学,19,1,515,122191
2024,兰州财经大学(联合培养),19,1,493,160032
2024,西北民族大学,19,1,502,143498
2024,西北民族大学,19,1,506,137910
2024,青海大学,19,1,547,73807
2024,青海大学,19,1,544,78443
2024,青海大学,19,1,543,80055
2024,青海大学,19,1,565,52505
2024,青海大学,19,1,550,70073
2024,青海师范大学,19,1,504,141607
2024,青海师范大学,19,1,523,108896
2024,青海师范大学,19,1,518,117211
2024,青海民族大学,19,1,506,137235
2024,宁夏大学,19,1,569,48618
2024,宁夏大学,19,1,577,39990
2024,宁夏大学(中外合作办学),19,1,537,87649
2024,宁夏医科大学,19,1,501,145427
2024,宁夏医科大学,19,1,520,114453
2024,宁夏医科大学,19,1,511,128935
2024,宁夏医科大学,19,1,502,143786
2024,新疆大学,19,1,561,56820
2024,新疆大学,19,1,557,61252
2024,新疆大学,19,1,548,72613
2024,新疆大学,19,1,553,66144
2024,新疆大学,19,1,560,58180
2024,新疆大学,19,1,555,63810
2024,塔里木大学,19,1,495,156209
2024,塔里木大学,19,1,492,161357
2024,塔里木大学,19,1,491,163052
2024,塔里木大学,19,1,495,156240
2024,新疆农业大学,19,1,498,151455
2024,新疆农业大学,19,1,496,154869
2024,新疆农业大学,19,1,485,175226
2024,新疆农业大学,19,1,489,168038
2024,新疆农业大学,19,1,500,147599
2024,新疆农业大学,19,1,496,154943
2024,新疆农业大学(中外合作办学),19,1,488,168419
2024,石河子大学,19,1,544,78110
2024,石河子大学,19,1,538,86311
2024,石河子大学,19,1,549,71903
2024,石河子大学,19,1,556,63327
2024,石河子大学,19,1,560,57711
2024,石河子大学,19,1,550,69977
2024,新疆医科大学,19,1,511,129079
2024,新疆医科大学,19,1,507,135929
2024,新疆师范大学,19,1,517,118905
2024,新疆师范大学,19,1,493,159931
2024,新疆师范大学,19,1,504,140899
2024,新疆师范大学,19,1,507,136164
2024,喀什大学,19,1,493,159606
2024,喀什大学,19,1,505,138265
2024,喀什大学,19,1,488,169169
2024,喀什大学,19,1,496,155041
2024,伊犁师范大学,19,1,491,163321
2024,伊犁师范大学,19,1,492,161591
2024,伊犁师范大学,19,1,488,168193
2024,伊犁师范大学,19,1,491,163891
2024,新疆和田学院,19,1,495,156873
2024,新疆和田学院,19,1,487,170100
2024,新疆财经大学,19,1,499,150405
2024,新疆财经大学,19,1,503,142435
2024,新疆财经大学,19,1,504,141665
2024,新疆财经大学,19,1,502,144765
2024,新疆艺术学院,19,1,486,172710
2024,天津城建大学,19,1,510,130881
2024,天津城建大学(中外合作办学),19,1,501,146808
2024,天津城建大学,19,1,509,132066
2024,天津城建大学,19,1,506,137881
2024,天津城建大学,19,1,518,117634
2024,山西中医药大学,19,1,510,130818
2024,山西中医药大学,19,1,543,79718
2024,吕梁学院,19,1,494,159094
2024,吕梁学院,19,1,496,154424
2024,广东白云学院,19,1,471,200862
2024,广东白云学院(校企联合培养),19,1,465,211773
2024,广东白云学院,19,1,468,205104
2024,广东白云学院,19,1,471,200196
2024,广东白云学院,19,1,457,226378
2024,广东白云学院,19,1,459,222472
2024,广东白云学院,19,1,478,187426
2024,广东白云学院,19,1,479,185331
2024,广东白云学院,19,1,479,185414
2024,广东白云学院,19,1,461,218740
2024,广东白云学院,19,1,463,214365
2024,广东白云学院,19,1,468,204951
2024,广东白云学院(校企联合培养),19,1,459,222889
2024,广东白云学院(校企联合培养),19,1,449,240059
2024,广东白云学院(学分互认),19,1,459,222003
2024,广东白云学院(学分互认),19,1,458,223361
2024,广东白云学院,19,1,469,203403
2024,长沙医学院,19,1,489,167625
2024,广东轻工职业技术大学,19,1,523,108749
2024,广东轻工职业技术大学,19,1,535,91785
2024,广东轻工职业技术大学,19,1,520,114974
2024,辽宁对外经贸学院,19,1,474,195426
2024,江西科技学院,19,1,484,177067
2024,南京工业职业技术大学,19,1,526,104750
2024,上海工程技术大学,19,1,540,83376
2024,上海工程技术大学,19,1,541,81884
2024,浙江万里学院,19,1,500,147629
2024,浙江万里学院,19,1,511,129207
2024,安徽建筑大学,19,1,528,101577
2024,安徽建筑大学,19,1,514,123746
2024,萍乡学院,19,1,498,151866
2024,萍乡学院,19,1,492,161068
2024,枣庄学院,19,1,494,158293
2024,山东工艺美术学院,19,1,509,132159
2024,黄淮学院,19,1,495,156536
2024,黄淮学院,19,1,490,164727
2024,黄淮学院,19,1,491,162851
2024,黄淮学院(中外合作办学),19,1,490,164889
2024,黄淮学院,19,1,495,157286
2024,平顶山学院,19,1,492,162390
2024,平顶山学院,19,1,502,144578
2024,湖北理工学院,19,1,515,121625
2024,湖北科技学院,19,1,522,110533
2024,湖北科技学院,19,1,521,113254
2024,湖北科技学院(中外合作办学),19,1,515,122149
2024,湖北医药学院,19,1,517,119569
2024,吉林外国语大学,19,1,486,173599
2024,吉林外国语大学,19,1,483,179144
2024,吉林外国语大学(中外合作办学),19,1,477,190091
2024,新疆工程学院,19,1,488,169332
2024,新疆工程学院,19,1,487,170528
2024,新疆工程学院,19,1,488,169361
2024,昌吉学院,19,1,491,163680
2024,昌吉学院,19,1,488,168836
2024,昌吉学院(校企联合培养),19,1,487,170660
2024,沈阳大学(中外合作办学),19,1,513,126250
2024,沈阳大学,19,1,516,120020
2024,沈阳大学(中外合作办学),19,1,522,111525
2024,上海立信会计金融学院,19,1,541,82194
2024,上海立信会计金融学院,19,1,549,71479
2024,金陵科技学院,19,1,527,103993
2024,金陵科技学院,19,1,522,110486
2024,金陵科技学院,19,1,523,109962
2024,淮阴工学院,19,1,501,145303
2024,淮阴工学院,19,1,512,126411
2024,淮阴工学院,19,1,510,129844
2024,徐州工程学院,19,1,513,126315
2024,常州工学院,19,1,503,142798
2024,常州工学院,19,1,502,143854
2024,浙江科技大学,19,1,538,85938
2024,浙江科技大学(联合培养),19,1,543,79921
2024,宁波工程学院,19,1,521,113080
2024,宁波工程学院,19,1,529,100411
2024,宁波工程学院,19,1,522,110725
2024,宁波工程学院(中外合作办学),19,1,517,119061
2024,合肥大学,19,1,524,107857
2024,合肥大学,19,1,527,102872
2024,合肥大学,19,1,516,121478
2024,合肥大学,19,1,521,111980
2024,厦门理工学院(中外合作办学),19,1,548,73088
2024,厦门理工学院,19,1,547,74769
2024,青岛大学,19,1,543,80145
2024,青岛大学,19,1,541,82417
2024,青岛大学,19,1,550,70558
2024,青岛大学,19,1,532,95170
2024,烟台大学,19,1,529,100731
2024,烟台大学,19,1,528,101620
2024,烟台大学(本科预科班),19,1,470,202818
2024,潍坊学院,19,1,497,152716
2024,潍坊学院,19,1,492,162781
2024,潍坊学院,19,1,488,168698
2024,郑州工程技术学院,19,1,496,155763
2024,郑州工程技术学院,19,1,493,161046
2024,洛阳理工学院,19,1,495,157197
2024,洛阳理工学院,19,1,504,141111
2024,洛阳理工学院(中外合作办学),19,1,486,171879
2024,新乡学院,19,1,490,164699
2024,江汉大学,19,1,533,93520
2024,三峡大学,19,1,549,71765
2024,三峡大学,19,1,553,67111
2024,三峡大学,19,1,588,30678
2024,三峡大学(中外合作办学),19,1,581,36923
2024,三峡大学,19,1,544,77870
2024,长沙学院,19,1,518,118026
2024,长沙学院,19,1,519,116592
2024,长沙学院,19,1,525,106675
2024,长沙学院,19,1,518,118192
2024,长沙学院,19,1,537,88330
2024,长沙学院,19,1,517,118777
2024,长沙学院,19,1,528,102262
2024,广州大学,19,1,551,68616
2024,广州大学,19,1,552,67305
2024,广州大学,19,1,546,75046
2024,广州大学,19,1,562,55732
2024,广州大学(中外合作办学),19,1,536,89227
2024,广州大学(地方专项),19,1,532,95103
2024,广州大学(地方专项),19,1,533,93533
2024,成都大学,19,1,549,71731
2024,成都大学(中外合作办学),19,1,530,98865
2024,成都大学,19,1,553,66521
2024,成都大学(中外合作办学),19,1,539,85421
2024,成都大学,19,1,562,56094
2024,成都大学,19,1,556,63205
2024,成都大学(中外合作办学),19,1,543,79273
2024,西安文理学院,19,1,517,119340
2024,海南热带海洋学院(中外合作办学),19,1,488,169201
2024,海南热带海洋学院,19,1,506,136746
2024,海南热带海洋学院,19,1,496,154668
2024,华北科技学院,19,1,508,133141
2024,华北科技学院,19,1,505,138896
2024,华北科技学院,19,1,500,148541
2024,华北科技学院,19,1,497,152624
2024,华北科技学院,19,1,497,153190
2024,华北科技学院,19,1,501,146424
2024,中国人民警察大学,19,1,540,83841
2024,中国人民警察大学,19,1,538,85894
2024,中国人民警察大学,19,1,535,90487
2024,广州航海学院,19,1,505,138428
2024,广州航海学院,19,1,511,129530
2024,广州航海学院(中外合作办学),19,1,490,164672
2024,广州航海学院(联合培养),19,1,510,129863
2024,广州航海学院(联合培养),19,1,504,141658
2024,广州航海学院(联合培养),19,1,495,157086
2024,广州航海学院(中外合作办学),19,1,485,173995
2024,广东警官学院,19,1,544,78727
2024,深圳职业技术大学,19,1,581,36126
2024,深圳职业技术大学,19,1,564,54061
2024,深圳职业技术大学,19,1,559,59695
2024,成都工业学院,19,1,543,80245
2024,扬州大学,19,1,551,69623
2024,扬州大学,19,1,555,64673
2024,三江学院,19,1,481,182696
2024,三江学院,19,1,482,180868
2024,三江学院,19,1,477,188665
2024,齐齐哈尔医学院,19,1,502,143933
2024,齐齐哈尔医学院,19,1,531,97296
2024,齐齐哈尔医学院,19,1,492,161638
2024,齐齐哈尔医学院,19,1,515,122653
2024,北京信息科技大学,19,1,574,43421
2024,太原学院,19,1,496,155267
2024,太原学院,19,1,494,157884
2024,太原学院,19,1,491,163794
2024,太原学院,19,1,494,159123
2024,大连大学,19,1,516,121093
2024,大连大学,19,1,550,71184
2024,吉林工商学院,19,1,496,155287
2024,吉林工商学院,19,1,493,159973
2024,南京工程学院,19,1,563,54503
2024,南京审计大学,19,1,563,55274
2024,南京审计大学(中外合作办学),19,1,565,52425
2024,三明学院,19,1,519,116589
2024,三明学院,19,1,509,132115
2024,江西科技师范大学,19,1,548,73355
2024,江西科技师范大学,19,1,537,87890
2024,江西科技师范大学,19,1,517,119754
2024,江西科技师范大学,19,1,516,121440
2024,江西科技师范大学,19,1,513,126236
2024,江西科技师范大学,19,1,527,104066
2024,南昌工程学院,19,1,511,129072
2024,南昌工程学院,19,1,521,113310
2024,南昌工程学院(中外合作办学),19,1,495,156142
2024,信阳农林学院,19,1,492,162263
2024,信阳农林学院,19,1,490,165060
2024,安阳工学院(中外合作办学),19,1,495,156960
2024,荆楚理工学院(中外合作办学),19,1,487,170870
2024,湖南工程学院,19,1,516,121261
2024,湖南工程学院,19,1,506,136561
2024,湖南工程学院(中外合作办学),19,1,500,148242
2024,仲恺农业工程学院,19,1,510,130777
2024,仲恺农业工程学院,19,1,509,131971
2024,仲恺农业工程学院,19,1,510,130833
2024,仲恺农业工程学院,19,1,509,132071
2024,仲恺农业工程学院(国际班),19,1,491,163965
2024,仲恺农业工程学院(国际班),19,1,498,151051
2024,五邑大学,19,1,499,148915
2024,五邑大学,19,1,499,149389
2024,五邑大学,19,1,521,112273
2024,五邑大学,19,1,509,132511
2024,五邑大学,19,1,506,136779
2024,五邑大学,19,1,504,140991
2024,五邑大学,19,1,517,118834
2024,五邑大学,19,1,531,97738
2024,五邑大学(联合培养),19,1,499,150135
2024,梧州学院,19,1,496,154353
2024,梧州学院,19,1,501,146183
2024,梧州学院,19,1,501,146011
2024,攀枝花学院,19,1,499,149562
2024,玉溪师范学院,19,1,506,136801
2024,玉溪师范学院,19,1,506,137375
2024,昆明学院,19,1,504,141680
2024,昆明学院,19,1,494,158679
2024,昆明学院,19,1,519,116062
2024,商洛学院,19,1,496,155161
2024,商洛学院,19,1,499,149207
2024,商洛学院,19,1,502,144854
2024,西安培华学院,19,1,480,183935
2024,西安培华学院,19,1,485,174955
2024,西安培华学院,19,1,486,172993
2024,西安培华学院,19,1,464,212646
2024,甘肃政法大学,19,1,550,70387
2024,甘肃政法大学,19,1,538,86264
2024,甘肃政法大学,19,1,543,80297
2024,北方民族大学,19,1,506,137328
2024,北方民族大学,19,1,512,126615
2024,北方民族大学(中外合作办学),19,1,507,135091
2024,中国矿业大学(北京),19,1,589,29695
2024,中国矿业大学(北京),19,1,581,36142
2024,中国矿业大学(北京),19,1,585,33207
2024,中国石油大学(北京),19,1,592,27666
2024,中国石油大学(北京),19,1,600,22175
2024,中国地质大学(北京),19,1,582,35668
2024,中国地质大学(北京),19,1,586,32642
2024,中国地质大学(北京),19,1,584,33593
2024,北京联合大学,19,1,541,82093
2024,北京联合大学,19,1,550,71037
2024,北京城市学院,19,1,481,181941
2024,北京城市学院,19,1,480,184003
2024,河北金融学院,19,1,497,153184
2024,河北金融学院(校企联合培养),19,1,500,147710
2024,河北金融学院,19,1,497,153346
2024,河北金融学院(中外合作办学),19,1,492,162724
2024,长春汽车职业技术大学,19,1,496,155455
2024,长春工程学院,19,1,496,155637
2024,长春工程学院,19,1,494,159026
2024,长春工程学院(本科预科班),19,1,438,259593
2024,吉林农业科技学院,19,1,496,155456
2024,吉林农业科技学院,19,1,490,166112
2024,吉林农业科技学院(中外合作办学),19,1,497,153826
2024,黑龙江东方学院,19,1,474,195376
2024,黑龙江东方学院,19,1,466,209544
2024,上海电机学院,19,1,540,83824
2024,上海电机学院(中外合作办学),19,1,535,90553
2024,江苏理工学院,19,1,532,95388
2024,江苏理工学院,19,1,509,131780
2024,浙江财经大学,19,1,548,73292
2024,浙江财经大学(中外合作办学),19,1,565,52413
2024,浙江财经大学,19,1,556,62496
2024,浙江财经大学(中外合作办学),19,1,549,71674
2024,浙江财经大学(中外合作办学),19,1,524,107775
2024,江西警察学院,19,1,533,94591
2024,江西警察学院,19,1,524,108076
2024,新余学院,19,1,500,148267
2024,山东交通学院,19,1,509,131675
2024,山东交通学院,19,1,496,154259
2024,河南工程学院,19,1,500,148421
2024,河南工程学院,19,1,494,158179
2024,河南工程学院,19,1,500,147030
2024,河南工程学院,19,1,501,145979
2024,河南工程学院,19,1,502,144882
2024,湖南城市学院,19,1,511,128537
2024,湖南城市学院,19,1,505,138240
2024,湖南工学院,19,1,509,132273
2024,湖南工学院,19,1,510,130570
2024,湖南财政经济学院,19,1,515,122913
2024,湖南财政经济学院,19,1,518,118096
2024,湖南警察学院,19,1,539,84900
2024,湖南警察学院,19,1,527,103193
2024,湖南警察学院,19,1,528,101499
2024,湖南工业大学,19,1,536,89490
2024,湖南工业大学,19,1,531,97883
2024,湖南工业大学,19,1,526,104531
2024,湖南工业大学,19,1,530,98435
2024,湖南女子学院,19,1,501,145509
2024,广东金融学院,19,1,526,104914
2024,广东金融学院,19,1,516,121332
2024,广东金融学院,19,1,534,92181
2024,广东金融学院,19,1,518,117280
2024,广东金融学院,19,1,510,129745
2024,广东金融学院,19,1,521,112025
2024,广东金融学院,19,1,512,127132
2024,广东金融学院(国际班),19,1,505,139773
2024,广东金融学院(联合培养),19,1,509,132102
2024,广东金融学院(地方专项),19,1,528,101455
2024,广东金融学院(地方专项),19,1,524,107535
2024,电子科技大学中山学院,19,1,485,173966
2024,电子科技大学中山学院,19,1,485,174334
2024,电子科技大学中山学院,19,1,482,180408
2024,电子科技大学中山学院,19,1,487,170398
2024,电子科技大学中山学院,19,1,488,169087
2024,广西科技师范学院,19,1,505,138257
2024,广西科技师范学院,19,1,500,147761
2024,广西科技师范学院,19,1,501,145275
2024,广西财经学院(中外合作办学),19,1,498,150627
2024,广西财经学院,19,1,525,106689
2024,广西财经学院(中外合作办学),19,1,499,148775
2024,南宁学院,19,1,486,173124
2024,南宁学院,19,1,486,173015
2024,重庆科技大学,19,1,533,94479
2024,重庆科技大学,19,1,534,92514
2024,四川旅游学院(中外合作办学),19,1,492,161166
2024,西安财经大学,19,1,532,95781
2024,西安财经大学(中外合作办学),19,1,528,101528
2024,西安财经大学,19,1,548,72806
2024,湖北经济学院,19,1,526,105220
2024,湖北经济学院,19,1,532,94940
2024,北部湾大学,19,1,506,138056
2024,北部湾大学(中外合作办学),19,1,489,167829
2024,北部湾大学,19,1,526,105230
2024,北部湾大学,19,1,519,115588
2024,北部湾大学,19,1,504,141199
2024,北部湾大学(中外合作办学),19,1,486,172013
2024,北部湾大学(中外合作办学),19,1,495,156614
2024,北华航天工业学院,19,1,513,125747
2024,北华航天工业学院,19,1,522,111829
2024,沈阳工程学院,19,1,560,58033
2024,江苏海洋大学,19,1,550,70786
2024,宁波大学,19,1,589,29921
2024,宁波大学,19,1,569,48027
2024,宁波大学,19,1,568,49417
2024,宁波大学,19,1,569,48711
2024,浙江传媒学院,19,1,532,96006
2024,浙江传媒学院,19,1,538,86710
2024,浙江传媒学院(中外合作办学),19,1,542,81046
2024,浙江传媒学院,19,1,537,88299
2024,浙江传媒学院,19,1,529,100424
2024,浙江传媒学院,19,1,537,88752
2024,河南财政金融学院,19,1,495,156013
2024,河南财政金融学院,19,1,507,136328
2024,南阳理工学院,19,1,505,138845
2024,南阳理工学院,19,1,496,154331
2024,南阳理工学院,19,1,497,153974
2024,南阳理工学院,19,1,502,144796
2024,南阳理工学院,19,1,491,163385
2024,南阳理工学院,19,1,491,164020
2024,南阳理工学院,19,1,509,131792
2024,南阳理工学院,19,1,491,163490
2024,广东石油化工学院,19,1,497,153641
2024,广东石油化工学院,19,1,498,151638
2024,广东石油化工学院,19,1,495,156819
2024,广东石油化工学院,19,1,492,161916
2024,广东石油化工学院,19,1,491,163007
2024,广东石油化工学院,19,1,514,124618
2024,广东石油化工学院,19,1,510,130333
2024,广东石油化工学院,19,1,500,147411
2024,海南师范大学,19,1,567,50205
2024,海南师范大学,19,1,539,85018
2024,海南师范大学,19,1,546,75292
2024,海南师范大学,19,1,536,89164
2024,海南师范大学,19,1,558,61117
2024,海南师范大学,19,1,550,69998
2024,海南师范大学,19,1,557,61912
2024,海南师范大学,19,1,548,73253
2024,海南师范大学,19,1,554,65939
2024,海南师范大学,19,1,521,112357
2024,重庆理工大学,19,1,546,75840
2024,重庆理工大学,19,1,557,62319
2024,重庆理工大学,19,1,546,75680
2024,西安邮电大学,19,1,548,73214
2024,西安邮电大学,19,1,568,49454
2024,西安邮电大学,19,1,562,56262
2024,西安邮电大学(本科预科班),19,1,464,213003
2024,山东工商学院,19,1,497,152382
2024,山东工商学院,19,1,502,144956
2024,长春大学,19,1,510,130355
2024,长春大学,19,1,518,117841
2024,长春大学(中外合作办学),19,1,506,137145
2024,长春大学(中外合作办学),19,1,503,141917
2024,长春大学(中外合作办学),19,1,506,138073
2024,长春大学(中外合作办学),19,1,489,166987
2024,长春大学(中外合作办学),19,1,498,151772
2024,长春大学(中外合作办学),19,1,505,138748
2024,长春大学(中外合作办学),19,1,492,161745
2024,贵州商学院,19,1,496,154654
2024,贵州商学院(中外合作办学),19,1,489,167988
2024,贵州商学院,19,1,503,142113
2024,西安航空学院,19,1,505,139616
2024,西安航空学院,19,1,514,123091
2024,西安航空学院(中外合作办学),19,1,503,142506
2024,河南城建学院,19,1,490,166013
2024,防灾科技学院,19,1,505,138741
2024,防灾科技学院,19,1,503,142868
2024,防灾科技学院,19,1,509,131812
2024,防灾科技学院,19,1,519,116515
2024,防灾科技学院,19,1,509,132041
2024,武汉东湖学院,19,1,479,186209
2024,武汉东湖学院,19,1,478,187092
2024,重庆工商大学,19,1,537,87507
2024,重庆工商大学(联合培养),19,1,523,109786
2024,重庆工商大学,19,1,537,88732
2024,重庆工商大学,19,1,540,84292
2024,重庆工商大学,19,1,523,110004
2024,汉口学院,19,1,480,184296
2024,黑龙江工程学院,19,1,493,159566
2024,黑龙江工程学院,19,1,492,161653
2024,黑龙江工程学院,19,1,497,152777
2024,黑龙江工程学院,19,1,492,162142
2024,黑龙江工程学院,19,1,492,161555
2024,黑龙江工程学院,19,1,514,124261
2024,海南医科大学,19,1,554,65822
2024,海南医科大学(中外合作办学),19,1,496,155526
2024,海南医科大学,19,1,533,94756
2024,东莞理工学院,19,1,556,62720
2024,东莞理工学院,19,1,534,92989
2024,东莞理工学院,19,1,535,91595
2024,东莞理工学院,19,1,529,100554
2024,东莞理工学院,19,1,525,105850
2024,东莞理工学院(地方专项),19,1,526,105131
2024,东莞理工学院(粤台联合培养),19,1,538,86658
2024,东莞理工学院(中外合作办学),19,1,534,93294
2024,东莞理工学院,19,1,541,82259
2024,东莞理工学院(粤台联合培养),19,1,533,94169
2024,桂林航天工业学院,19,1,515,122831
2024,桂林航天工业学院,19,1,520,114137
2024,桂林航天工业学院(中外合作办学),19,1,502,144050
2024,上海杉达学院(中外合作办学),19,1,521,113126
2024,上海杉达学院,19,1,509,132505
2024,黄河科技学院,19,1,484,176386
2024,黄河科技学院,19,1,487,170381
2024,上海政法学院,19,1,563,54146
2024,上海政法学院,19,1,564,53652
2024,上海政法学院,19,1,590,28966
2024,桂林旅游学院,19,1,503,142928
2024,桂林旅游学院,19,1,497,153638
2024,桂林旅游学院(中外合作办学),19,1,486,172266
2024,桂林旅游学院,19,1,503,143382
2024,桂林旅游学院,19,1,495,156670
2024,桂林旅游学院,19,1,501,146625
2024,贺州学院,19,1,497,153169
2024,贺州学院,19,1,500,146895
2024,九江学院,19,1,499,150476
2024,九江学院,19,1,506,137669
2024,九江学院,19,1,546,75861
2024,广东工业大学,19,1,594,25873
2024,广东工业大学,19,1,584,34297
2024,广东工业大学,19,1,567,50424
2024,广东工业大学,19,1,569,48511
2024,广东工业大学,19,1,575,42144
2024,广东工业大学,19,1,579,38363
2024,广东工业大学,19,1,563,54902
2024,广东工业大学,19,1,586,31867
2024,广东工业大学,19,1,560,58306
2024,广东工业大学,19,1,555,63878
2024,广东工业大学,19,1,588,30594
2024,广东工业大学,19,1,556,62595
2024,广东工业大学,19,1,582,35925
2024,广东工业大学,19,1,566,51825
2024,广东工业大学,19,1,562,56335
2024,广东工业大学,19,1,592,27184
2024,广东工业大学,19,1,568,49090
2024,广东工业大学,19,1,569,48522
2024,广东工业大学,19,1,556,63314
2024,广东工业大学,19,1,552,67831
2024,广东工业大学,19,1,569,47845
2024,广东工业大学,19,1,559,59713
2024,广东工业大学,19,1,556,63379
2024,广东工业大学(学分互认/联合培养),19,1,552,68355
2024,广东工业大学(学分互认/联合培养),19,1,545,76567
2024,广东工业大学(学分互认),19,1,546,76164
2024,广东工业大学(学分互认),19,1,555,63770
2024,广东工业大学(地方专项),19,1,549,71986
2024,广东工业大学(地方专项),19,1,535,91751
2024,广东外语外贸大学,19,1,554,64957
2024,广东外语外贸大学,19,1,559,59791
2024,广东外语外贸大学,19,1,552,67564
2024,广东外语外贸大学,19,1,556,63045
2024,广东外语外贸大学,19,1,567,50802
2024,广东外语外贸大学,19,1,561,56842
2024,广东外语外贸大学,19,1,562,55550
2024,广东外语外贸大学(合作办学),19,1,543,80285
2024,广东外语外贸大学(地方专项),19,1,522,110658
2024,佛山大学(原佛山科学技术学院),19,1,552,68019
2024,佛山大学(原佛山科学技术学院),19,1,543,79268
2024,佛山大学(原佛山科学技术学院),19,1,539,85797
2024,佛山大学(原佛山科学技术学院),19,1,535,91233
2024,佛山大学(原佛山科学技术学院),19,1,533,94208
2024,佛山大学(原佛山科学技术学院),19,1,538,86508
2024,佛山大学(原佛山科学技术学院),19,1,545,77215
2024,佛山大学(原佛山科学技术学院),19,1,560,57825
2024,佛山大学(原佛山科学技术学院),19,1,534,92807
2024,佛山大学(原佛山科学技术学院),19,1,532,95507
2024,佛山大学(原佛山科学技术学院),19,1,541,82205
2024,佛山大学(原佛山科学技术学院),19,1,548,72989
2024,佛山大学(原佛山科学技术学院),19,1,535,90739
2024,佛山大学(原佛山科学技术学院),19,1,552,67412
2024,佛山大学(原佛山科学技术学院)(中外合作办学,19,1,489,166892
2024,佛山大学(原佛山科学技术学院)(联合培养),19,1,525,106764
2024,佛山大学(原佛山科学技术学院)(联合培养),19,1,500,147183
2024,佛山大学(原佛山科学技术学院)(地方专项),19,1,512,127770
2024,大连民族大学,19,1,498,150926
2024,大连民族大学,19,1,517,119004
2024,上海第二工业大学,19,1,548,73436
2024,上海第二工业大学,19,1,550,70351
2024,上海第二工业大学,19,1,538,86292
2024,南京特殊教育师范学院,19,1,536,90079
2024,南京特殊教育师范学院,19,1,546,76068
2024,南京特殊教育师范学院,19,1,480,184331
2024,南京特殊教育师范学院,19,1,505,139522
2024,南京特殊教育师范学院,19,1,507,135786
2024,上海商学院,19,1,538,86812
2024,上海商学院,19,1,545,76957
2024,南通理工学院,19,1,477,188282
2024,南通理工学院,19,1,476,190521
2024,南通理工学院,19,1,485,174252
2024,广东培正学院,19,1,463,215525
2024,广东培正学院,19,1,471,200448
2024,广东培正学院(学分互认),19,1,463,215702
2024,贵州警察学院,19,1,529,100765
2024,贵州警察学院,19,1,526,104198
2024,南方医科大学,19,1,649,2977
2024,南方医科大学,19,1,590,28691
2024,南方医科大学,19,1,575,42275
2024,南方医科大学,19,1,583,35156
2024,南方医科大学(地方专项),19,1,535,91170
2024,湖南医药学院,19,1,522,111782
2024,安徽新华学院,19,1,473,195894
2024,安徽新华学院,19,1,481,182425
2024,湖南涉外经济学院,19,1,472,197984
2024,湖南涉外经济学院,19,1,472,198100
2024,海口经济学院,19,1,452,234377
2024,海口经济学院,19,1,453,233870
2024,武昌首义学院,19,1,487,170256
2024,武昌理工学院,19,1,481,182571
2024,烟台南山学院,19,1,484,176461
2024,武汉生物工程学院,19,1,484,176120
2024,中国劳动关系学院,19,1,530,98592
2024,中国劳动关系学院,19,1,526,105516
2024,中国劳动关系学院,19,1,541,82841
2024,宁夏理工学院,19,1,485,174434
2024,云南经济管理学院,19,1,480,183102
2024,云南经济管理学院,19,1,480,184039
2024,云南经济管理学院,19,1,481,182412
2024,广东东软学院,19,1,481,182356
2024,广东东软学院,19,1,480,184504
2024,广东东软学院,19,1,481,181830
2024,广东东软学院,19,1,483,178253
2024,广东东软学院,19,1,480,183801
2024,广东东软学院,19,1,479,186434
2024,广东东软学院,19,1,477,189872
2024,广东东软学院,19,1,470,202894
2024,广东东软学院,19,1,471,199805
2024,广东东软学院,19,1,470,202783
2024,广东东软学院,19,1,473,196158
2024,广东东软学院,19,1,478,187775
2024,广东东软学院,19,1,479,185042
2024,广东东软学院,19,1,479,185530
2024,广东东软学院,19,1,474,195563
2024,广东东软学院,19,1,469,204158
2024,广东东软学院,19,1,463,215382
2024,广东东软学院(中外合作办学),19,1,442,253778
2024,上海立达学院,19,1,457,225619
2024,湖南工业大学科技学院,19,1,490,166149
2024,重庆工程学院,19,1,487,170145
2024,重庆电子科技职业大学,19,1,513,124816
2024,广州城市理工学院,19,1,491,163229
2024,广州城市理工学院,19,1,484,176571
2024,广州城市理工学院,19,1,490,164668
2024,广州软件学院,19,1,475,192378
2024,广州软件学院,19,1,469,203829
2024,广州软件学院,19,1,468,205818
2024,广州软件学院(校企联合培养),19,1,478,186781
2024,广州软件学院(校企联合培养),19,1,468,205078
2024,广州软件学院(校企联合培养),19,1,469,204282
2024,广州软件学院(国际班),19,1,474,194126
2024,广州软件学院,19,1,473,196497
2024,广州软件学院(国际班),19,1,462,217435
2024,广州南方学院,19,1,479,186465
2024,广州南方学院,19,1,482,180640
2024,广州南方学院,19,1,475,192314
2024,广州南方学院(联合培养),19,1,469,204666
2024,广州南方学院(中外合作办学),19,1,467,207348
2024,广东外语外贸大学南国商学院,19,1,483,178818
2024,广东外语外贸大学南国商学院,19,1,481,181363
2024,广东外语外贸大学南国商学院,19,1,480,184524
2024,广东外语外贸大学南国商学院,19,1,480,183771
2024,广东外语外贸大学南国商学院,19,1,473,196326
2024,广东外语外贸大学南国商学院,19,1,478,187737
2024,广东外语外贸大学南国商学院(联合培养),19,1,471,201138
2024,广东外语外贸大学南国商学院(联合培养),19,1,478,187511
2024,广州华商学院,19,1,452,235741
2024,广州华商学院,19,1,445,247408
2024,广州华商学院,19,1,453,233041
2024,广州华商学院,19,1,465,211076
2024,广州华商学院(学分互认),19,1,442,253646
2024,广州华商学院(联合培养),19,1,445,247390
2024,广州华商学院,19,1,454,232113
2024,广州华商学院,19,1,442,252920
2024,广州华商学院,19,1,456,227274
2024,湛江科技学院,19,1,442,253755
2024,湛江科技学院,19,1,442,253795
2024,湛江科技学院,19,1,442,252727
2024,华南农业大学珠江学院,19,1,472,199117
2024,华南农业大学珠江学院,19,1,471,200726
2024,厦门医学院,19,1,545,77194
2024,厦门医学院,19,1,538,86193
2024,成都东软学院,19,1,491,163256
2024,湖南科技大学潇湘学院,19,1,489,168055
2024,南华大学船山学院,19,1,490,166280
2024,南华大学船山学院,19,1,488,169357
2024,湘潭理工学院,19,1,489,167354
2024,湖南农业大学东方科技学院,19,1,488,168712
2024,中南林业科技大学涉外学院,19,1,490,166142
2024,中南林业科技大学涉外学院,19,1,487,171209
2024,湖南文理学院芙蓉学院,19,1,492,162429
2024,湖南文理学院芙蓉学院,19,1,492,161652
2024,湖南理工学院南湖学院,19,1,500,148470
2024,衡阳师范学院南岳学院,19,1,499,149908
2024,衡阳师范学院南岳学院,19,1,489,166592
2024,湖南工程学院应用技术学院,19,1,490,166036
2024,湖南中医药大学湘杏学院,19,1,512,127907
2024,张家界学院,19,1,486,173045
2024,广州理工学院,19,1,451,236694
2024,广州理工学院,19,1,456,227115
2024,东南大学成贤学院,19,1,489,167194
2024,东南大学成贤学院,19,1,486,173460
2024,厦门华厦学院,19,1,485,175223
2024,厦门华厦学院,19,1,476,191991
2024,闽南理工学院,19,1,488,169211
2024,西安欧亚学院,19,1,477,189266
2024,西安欧亚学院,19,1,476,191432
2024,西安外事学院,19,1,483,179077
2024,西安外事学院,19,1,477,190017
2024,西安翻译学院,19,1,477,189260
2024,西安翻译学院,19,1,462,216954
2024,西京学院,19,1,487,170289
2024,西京学院,19,1,483,179075
2024,郑州工业应用技术学院,19,1,485,175456
2024,郑州工业应用技术学院,19,1,484,176544
2024,四川工程职业技术大学,19,1,497,153751
2024,江西工程学院,19,1,489,167396
2024,山西应用科技学院,19,1,484,175820
2024,河北传媒学院,19,1,479,185415
2024,浙江越秀外国语学院,19,1,480,184576
2024,浙江越秀外国语学院,19,1,465,211512
2024,浙江越秀外国语学院,19,1,473,195809
2024,南昌理工学院,19,1,486,172884
2024,南昌理工学院,19,1,482,179998
2024,南昌理工学院,19,1,480,183755
2024,上海建桥学院,19,1,477,189965
2024,上海建桥学院,19,1,476,191138
2024,上海建桥学院(中外合作办学),19,1,476,190212
2024,上海建桥学院,19,1,475,193203
2024,吉利学院,19,1,480,184468
2024,上海中侨职业技术大学,19,1,475,193754
2024,泉州职业技术大学,19,1,488,169525
2024,江西应用科技学院,19,1,482,179658
2024,江西应用科技学院,19,1,475,193153
2024,闽南科技学院,19,1,488,169044
2024,闽南科技学院,19,1,484,177014
2024,闽南科技学院,19,1,480,184014
2024,山东英才学院,19,1,476,191313
2024,浙大城市学院,19,1,536,89400
2024,浙大城市学院,19,1,532,96354
2024,浙大城市学院,19,1,543,79977
2024,浙大宁波理工学院,19,1,533,94174
2024,浙大宁波理工学院,19,1,523,109981
2024,杭州医学院,19,1,520,114654
2024,安徽外国语学院,19,1,473,197049
2024,厦门工学院,19,1,477,189773
2024,西安思源学院,19,1,479,185003
2024,武汉晴川学院,19,1,484,177168
2024,武汉晴川学院,19,1,480,183181
2024,大连理工大学城市学院,19,1,476,191951
2024,大连理工大学城市学院,19,1,477,188409
2024,沈阳工学院,19,1,478,187510
2024,沈阳工学院,19,1,478,187725
2024,沈阳城市建设学院,19,1,466,210369
2024,沈阳城市建设学院,19,1,470,202286
2024,大连医科大学中山学院,19,1,484,177036
2024,锦州医科大学医疗学院,19,1,528,101899
2024,锦州医科大学医疗学院,19,1,473,196007
2024,辽宁师范大学海华学院,19,1,477,188300
2024,辽宁师范大学海华学院,19,1,472,197875
2024,大连财经学院,19,1,478,187980
2024,沈阳城市学院,19,1,458,224788
2024,沈阳城市学院,19,1,475,192627
2024,湖北大学知行学院,19,1,495,157435
2024,湖北大学知行学院,19,1,490,165158
2024,武汉城市学院,19,1,489,167407
2024,武汉城市学院,19,1,489,167585
2024,武汉城市学院,19,1,484,175681
2024,三峡大学科技学院,19,1,488,168491
2024,三峡大学科技学院,19,1,530,98609
2024,湖北工业大学工程技术学院,19,1,481,181972
2024,武汉工程大学邮电与信息工程学院,19,1,493,160318
2024,武汉纺织大学外经贸学院,19,1,483,178074
2024,武汉纺织大学外经贸学院,19,1,481,181611
2024,武汉纺织大学外经贸学院,19,1,480,183180
2024,武昌工学院,19,1,482,179805
2024,武汉工商学院,19,1,483,179244
2024,武汉工商学院,19,1,484,175604
2024,长江大学文理学院,19,1,487,171725
2024,湖北商贸学院,19,1,488,169788
2024,湖北商贸学院,19,1,487,171088
2024,湖北医药学院药护学院,19,1,517,119381
2024,湖北恩施学院,19,1,480,183380
2024,湖北恩施学院,19,1,541,82757
2024,湖北恩施学院,19,1,487,170798
2024,湖北经济学院法商学院,19,1,481,181911
2024,武汉体育学院体育科技学院,19,1,491,164113
2024,湖北师范大学文理学院,19,1,499,149234
2024,湖北师范大学文理学院,19,1,488,169434
2024,湖北师范大学文理学院,19,1,486,173227
2024,湖北文理学院理工学院,19,1,484,176253
2024,湖北文理学院理工学院,19,1,486,171875
2024,文华学院,19,1,481,182517
2024,杭州电子科技大学信息工程学院,19,1,499,149414
2024,杭州电子科技大学信息工程学院,19,1,502,144588
2024,浙江工商大学杭州商学院,19,1,495,157348
2024,浙江工商大学杭州商学院,19,1,486,173040
2024,浙江工商大学杭州商学院,19,1,484,176828
2024,嘉兴南湖学院,19,1,513,125877
2024,中国计量大学现代科技学院,19,1,485,173992
2024,中国计量大学现代科技学院,19,1,484,176927
2024,黑龙江外国语学院,19,1,464,213952
2024,黑龙江工商学院,19,1,464,213986
2024,黑龙江工商学院,19,1,468,205373
2024,哈尔滨远东理工学院,19,1,465,211164
2024,哈尔滨华德学院,19,1,464,213156
2024,哈尔滨华德学院,19,1,458,223591
2024,山东协和学院,19,1,480,183597
2024,山东协和学院,19,1,480,182862
2024,山东协和学院,19,1,485,174649
2024,山东协和学院,19,1,551,69664
2024,滇池学院,19,1,484,176639
2024,滇池学院,19,1,488,169444
2024,滇池学院,19,1,482,180298
2024,丽江文化旅游学院,19,1,482,179469
2024,丽江文化旅游学院,19,1,467,206855
2024,昆明城市学院,19,1,472,198069
2024,昆明城市学院,19,1,479,186353
2024,昆明医科大学海源学院,19,1,480,183481
2024,青岛城市学院,19,1,475,192753
2024,青岛城市学院,19,1,475,192780
2024,山东石油化工学院,19,1,498,150674
2024,山东石油化工学院,19,1,501,145255
2024,河北外国语学院,19,1,480,183416
2024,河北外国语学院,19,1,488,169804
2024,华北理工大学轻工学院,19,1,480,183035
2024,河北医科大学临床学院,19,1,515,121699
2024,河北医科大学临床学院,19,1,536,89533
2024,河北医科大学临床学院,19,1,492,162103
2024,江西服装学院,19,1,469,204437
2024,江西服装学院,19,1,472,198540
2024,南昌职业大学,19,1,489,167896
2024,南昌工学院,19,1,484,176926
2024,南昌工学院,19,1,482,180097
2024,南昌大学科学技术学院,19,1,486,172923
2024,南昌大学科学技术学院,19,1,488,168283
2024,南昌交通学院,19,1,485,173667
2024,赣东学院,19,1,505,138568
2024,赣东学院,19,1,496,154022
2024,南昌航空大学科技学院,19,1,489,167601
2024,南昌航空大学科技学院,19,1,485,175094
2024,赣南科技学院,19,1,497,153880
2024,赣南科技学院,19,1,493,160757
2024,赣南科技学院,19,1,497,152723
2024,景德镇艺术职业大学,19,1,487,170392
2024,景德镇艺术职业大学,19,1,487,170501
2024,江西农业大学南昌商学院,19,1,496,155472
2024,江西农业大学南昌商学院,19,1,486,173054
2024,江西农业大学南昌商学院,19,1,490,166150
2024,江西农业大学南昌商学院,19,1,497,153881
2024,南昌医学院,19,1,504,141656
2024,南昌医学院,19,1,511,128434
2024,南昌医学院,19,1,514,123846
2024,南昌医学院,19,1,556,62723
2024,南昌医学院,19,1,559,59554
2024,南昌医学院,19,1,535,91102
2024,南昌医学院,19,1,546,76055
2024,南昌医学院,19,1,511,128943
2024,南昌医学院,19,1,551,68950
2024,江西师范大学科学技术学院,19,1,494,157592
2024,江西师范大学科学技术学院,19,1,488,168886
2024,赣南师范大学科技学院,19,1,497,152564
2024,赣南师范大学科技学院,19,1,492,161804
2024,赣南师范大学科技学院,19,1,488,168741
2024,南昌应用技术师范学院,19,1,487,171180
2024,江西财经大学现代经济管理学院,19,1,493,159870
2024,江西财经大学现代经济管理学院,19,1,488,169511
2024,江西财经大学现代经济管理学院,19,1,494,158794
2024,江西财经大学现代经济管理学院,19,1,489,166702
2024,阳光学院,19,1,468,205167
2024,阳光学院(中外合作办学),19,1,443,250505
2024,阳光学院,19,1,474,195214
2024,厦门大学嘉庚学院,19,1,496,155756
2024,厦门大学嘉庚学院,19,1,493,159935
2024,厦门大学嘉庚学院,19,1,490,165496
2024,福州大学至诚学院,19,1,489,167558
2024,福州大学至诚学院,19,1,478,187688
2024,集美大学诚毅学院,19,1,493,160274
2024,集美大学诚毅学院,19,1,489,167969
2024,福建师范大学协和学院,19,1,486,173401
2024,福建师范大学协和学院,19,1,491,164460
2024,郑州财经学院,19,1,488,168842
2024,郑州财经学院,19,1,482,180980
2024,商丘工学院,19,1,484,176603
2024,商丘工学院,19,1,484,175694
2024,河南开封科技传媒学院,19,1,486,173121
2024,信阳学院,19,1,491,162829
2024,新乡医学院三全学院,19,1,488,168591
2024,新乡医学院三全学院,19,1,533,94802
2024,兰州博文科技学院,19,1,482,180990
2024,山西工学院,19,1,500,148271
2024,山西晋中理工学院,19,1,484,175970
2024,新疆理工学院,19,1,496,155380
2024,新疆理工学院,19,1,488,168307
2024,新疆第二医学院,19,1,521,113028
2024,新疆科技学院,19,1,489,167973
2024,新疆科技学院,19,1,491,164205
2024,无锡太湖学院,19,1,481,181114
2024,无锡太湖学院,19,1,481,182656
2024,无锡太湖学院,19,1,488,169599
2024,河北工程大学科信学院,19,1,488,168403
2024,河北工程大学科信学院,19,1,484,176419
2024,中国矿业大学徐海学院,19,1,482,180892
2024,中国矿业大学徐海学院,19,1,481,181348
2024,重庆外语外事学院,19,1,492,161637
2024,重庆外语外事学院,19,1,485,175169
2024,重庆对外经贸学院,19,1,490,165341
2024,重庆对外经贸学院,19,1,485,174852
2024,重庆财经学院,19,1,494,157652
2024,重庆财经学院(校企联合培养),19,1,490,166071
2024,石家庄铁道大学四方学院,19,1,489,167549
2024,石家庄铁道大学四方学院,19,1,487,170711
2024,河北地质大学华信学院,19,1,482,179737
2024,河北地质大学华信学院,19,1,485,175437
2024,山西科技学院,19,1,501,146783
2024,山西科技学院,19,1,507,136437
2024,长春电子科技学院,19,1,478,186786
2024,长春财经学院,19,1,475,193051
2024,吉林建筑科技学院,19,1,472,199056
2024,吉林建筑科技学院,19,1,473,196121
2024,长春科技学院,19,1,468,205116
2024,长春科技学院,19,1,491,164024
2024,辽宁中医药大学杏林学院,19,1,500,147354
2024,辽宁何氏医学院,19,1,479,184769
2024,蚌埠工商学院,19,1,485,174619
2024,马鞍山学院,19,1,477,188541
2024,合肥城市学院,19,1,466,209493
2024,安徽医科大学临床医学院,19,1,503,142930
2024,吉林师范大学博达学院,19,1,478,188198
2024,昆明文理学院,19,1,480,183918
2024,昆明文理学院,19,1,476,191250
2024,昆明理工大学津桥学院,19,1,479,184900
2024,昆明理工大学津桥学院,19,1,476,191781
2024,重庆移通学院,19,1,488,168621
2024,重庆移通学院(中外合作办学),19,1,481,182288
2024,新疆政法学院,19,1,495,157497
2024,新疆政法学院,19,1,497,152968
2024,新疆政法学院,19,1,492,161589
2024,大连东软信息学院,19,1,468,205350
2024,大连东软信息学院,19,1,475,192903
2024,上海视觉艺术学院,19,1,522,111398
2024,武汉学院,19,1,489,168098
2024,长沙理工大学城南学院,19,1,495,157495
2024,长沙理工大学城南学院,19,1,488,168964
2024,柳州工学院,19,1,486,173176
2024,柳州工学院,19,1,485,174554
2024,广西民族大学相思湖学院,19,1,490,165688
2024,广西民族大学相思湖学院,19,1,486,172212
2024,桂林学院,19,1,491,163893
2024,桂林学院,19,1,496,154728
2024,桂林学院,19,1,488,169315
2024,广西中医药大学赛恩斯新医药学院,19,1,486,171967
2024,广西中医药大学赛恩斯新医药学院,19,1,489,167307
2024,广西中医药大学赛恩斯新医药学院,19,1,487,171614
2024,桂林信息科技学院,19,1,483,179148
2024,桂林信息科技学院,19,1,471,200587
2024,桂林信息科技学院,19,1,479,185717
2024,南宁理工学院,19,1,481,182635
2024,南宁理工学院,19,1,483,177417
2024,贵州中医药大学时珍学院,19,1,491,163757
2024,贵阳人文科技学院,19,1,487,170287
2024,遵义医科大学医学与科技学院,19,1,532,96360
2024,南京理工大学紫金学院,19,1,489,168075
2024,南京理工大学紫金学院,19,1,479,185933
2024,南京航空航天大学金城学院,19,1,481,181927
2024,南京航空航天大学金城学院,19,1,483,178963
2024,广州华立学院(国际班),19,1,451,236262
2024,广州华立学院(国际班),19,1,445,247412
2024,广州华立学院,19,1,454,231103
2024,广州华立学院,19,1,448,242931
2024,广州华立学院,19,1,443,250969
2024,广州华立学院,19,1,442,253785
2024,广州应用科技学院,19,1,448,241570
2024,广州应用科技学院,19,1,448,241446
2024,广州应用科技学院,19,1,450,238223
2024,广州应用科技学院,19,1,469,203836
2024,广州应用科技学院,19,1,467,207422
2024,广州应用科技学院,19,1,452,235473
2024,广州应用科技学院,19,1,455,230260
2024,广州应用科技学院,19,1,450,239437
2024,广州应用科技学院,19,1,450,238365
2024,广州应用科技学院,19,1,442,253694
2024,广州应用科技学院(联合培养),19,1,442,253688
2024,广州应用科技学院(联合培养),19,1,446,246568
2024,广州应用科技学院(联合培养),19,1,449,240990
2024,广州应用科技学院(联合培养),19,1,442,253483
2024,广州应用科技学院(联合培养),19,1,442,252932
2024,广州应用科技学院(联合培养),19,1,443,251856
2024,广州应用科技学院(联合培养),19,1,442,253599
2024,广州应用科技学院(联合培养),19,1,442,252258
2024,天津商业大学宝德学院,19,1,491,164278
2024,天津商业大学宝德学院,19,1,481,181209
2024,天津商业大学宝德学院,19,1,481,181862
2024,天津商业大学宝德学院,19,1,485,174531
2024,天津医科大学临床医学院,19,1,525,105846
2024,天津医科大学临床医学院,19,1,488,168335
2024,天津医科大学临床医学院,19,1,535,90849
2024,长春人文学院,19,1,474,195237
2024,长春人文学院,19,1,474,194399
2024,电子科技大学成都学院,19,1,497,153009
2024,电子科技大学成都学院,19,1,490,166195
2024,电子科技大学成都学院,19,1,490,166033
2024,武汉华夏理工学院,19,1,486,173621
2024,武汉华夏理工学院,19,1,480,183899
2024,广州商学院,19,1,462,216808
2024,广州商学院,19,1,464,213090
2024,广州商学院(中外合作办学/联合培养),19,1,447,244753
2024,广州商学院(联合培养),19,1,449,240076
2024,广州商学院,19,1,458,223703
2024,成都理工大学工程技术学院,19,1,485,174277
2024,四川传媒学院,19,1,487,170950
2024,四川传媒学院,19,1,474,194725
2024,成都银杏酒店管理学院,19,1,484,176969
2024,成都外国语学院,19,1,485,175442
2024,西安交通大学城市学院,19,1,496,154346
2024,西北大学现代学院,19,1,473,195702
2024,西安建筑科技大学华清学院,19,1,479,186086
2024,西安工商学院,19,1,476,190570
2024,珠海科技学院,19,1,493,159927
2024,珠海科技学院,19,1,492,161791
2024,珠海科技学院,19,1,494,159057
2024,武汉传媒学院,19,1,492,162205
2024,武汉传媒学院,19,1,482,180788
2024,武汉传媒学院,19,1,479,186207
2024,南京传媒学院,19,1,490,165491
2024,成都医学院,19,1,551,69587
2024,广州工商学院,19,1,442,253794
2024,广州工商学院,19,1,446,245741
2024,广州工商学院,19,1,442,253644
2024,广州工商学院,19,1,442,253751
2024,广州工商学院,19,1,442,253288
2024,广州工商学院,19,1,442,253176
2024,广州工商学院,19,1,443,251764
2024,广州工商学院,19,1,442,253536
2024,广州工商学院,19,1,442,253787
2024,广州工商学院,19,1,446,245409
2024,广州工商学院,19,1,442,253764
2024,广州工商学院,19,1,443,251557
2024,广州工商学院(中外合作办学),19,1,442,253633
2024,广州科技职业技术大学,19,1,447,244946
2024,广州科技职业技术大学,19,1,460,220926
2024,广州科技职业技术大学(校企联合培养),19,1,450,238401
2024,广州科技职业技术大学(校企联合培养),19,1,450,239398
2024,广东科技学院,19,1,444,248839
2024,广东科技学院,19,1,451,236087
2024,广东科技学院(联合培养),19,1,442,253510
2024,广东科技学院(联合培养),19,1,443,251826
2024,广东科技学院,19,1,457,226206
2024,广东科技学院,19,1,446,246301
2024,广东理工学院,19,1,442,253790
2024,广东理工学院,19,1,442,253791
2024,广东理工学院,19,1,442,253784
2024,广东理工学院,19,1,442,253768
2024,广东工商职业技术大学,19,1,442,253793
2024,广东工商职业技术大学,19,1,450,239336
2024,黑河学院,19,1,494,157722
2024,黑河学院,19,1,492,162480
2024,黑河学院,19,1,490,165080
2024,福州外语外贸学院,19,1,482,180157
2024,福州外语外贸学院,19,1,476,190667
2024,福建江夏学院,19,1,511,128984
2024,泉州信息工程学院,19,1,486,173262
2024,泉州信息工程学院,19,1,479,185756
2024,泉州信息工程学院(中外合作办学),19,1,467,207589
2024,福州理工学院,19,1,481,181064
2024,豫章师范学院,19,1,498,151466
2024,豫章师范学院,19,1,493,160270
2024,江西软件职业技术大学,19,1,486,173105
2024,湖南应用技术学院,19,1,489,167483
2024,湖南应用技术学院,19,1,484,177260
2024,肇庆医学院(原肇庆医学高等专科学校),19,1,490,165744
2024,琼台师范学院,19,1,498,151961
2024,琼台师范学院,19,1,497,153553
2024,四川工业科技学院,19,1,484,177283
2024,广西外国语学院,19,1,478,187554
2024,广西外国语学院,19,1,479,185324
2024,南京理工大学泰州科技学院,19,1,479,185190
2024,南京理工大学泰州科技学院,19,1,480,184540
2024,东莞城市学院,19,1,458,224150
2024,东莞城市学院,19,1,466,210455
2024,东莞城市学院,19,1,461,218703
2024,东莞城市学院(联合培养),19,1,454,231258
2024,东莞城市学院(联合培养),19,1,442,252241
2024,三亚学院,19,1,467,208435
2024,三亚学院,19,1,474,195580
2024,三亚学院(中外合作办学),19,1,483,177824
2024,三亚学院,19,1,474,194698
2024,三亚学院,19,1,463,215240
2024,三亚学院,19,1,480,183212
2024,上海师范大学天华学院,19,1,484,176152
2024,上海师范大学天华学院,19,1,457,226884
2024,西安明德理工学院,19,1,470,202962
2024,西安明德理工学院,19,1,479,186216
2024,天津理工大学中环信息学院,19,1,489,167134
2024,天津理工大学中环信息学院,19,1,481,181554
2024,北京科技大学天津学院,19,1,488,169156
2024,北京科技大学天津学院,19,1,485,175150
2024,北京中医药大学东方学院,19,1,491,163124
2024,北京中医药大学东方学院,19,1,492,162306
2024,北京中医药大学东方学院,19,1,494,158438
2024,北京邮电大学世纪学院,19,1,490,164611
2024,广州新华学院,19,1,478,186909
2024,广州新华学院,19,1,477,189033
2024,广州新华学院,19,1,485,174579
2024,广州新华学院,19,1,483,178384
2024,成都锦城学院,19,1,497,153951
2024,成都锦城学院,19,1,489,166683
2024,成都锦城学院,19,1,490,164942
2024,成都锦城学院,19,1,483,177555
2024,成都锦城学院,19,1,489,167064
2024,南京工业大学浦江学院,19,1,481,182590
2024,南京工业大学浦江学院,19,1,476,191002
2024,南京师范大学中北学院,19,1,492,162617
2024,南京师范大学中北学院,19,1,489,167912
2024,南京师范大学中北学院,19,1,484,176084
2024,广西城市职业大学,19,1,476,191338
2024,湖南交通工程学院,19,1,484,177374
2024,南京医科大学康达学院,19,1,485,175111
2024,南京医科大学康达学院,19,1,483,177816
2024,南京医科大学康达学院,19,1,486,173431
2024,南京医科大学康达学院,19,1,493,161062
2024,无锡学院,19,1,532,95436
2024,无锡学院,19,1,533,94808
2024,苏州城市学院,19,1,527,103021
2024,苏州大学应用技术学院,19,1,484,176703
2024,苏州大学应用技术学院,19,1,484,176506
2024,江苏大学京江学院,19,1,492,161829
2024,江苏大学京江学院,19,1,472,198042
2024,扬州大学广陵学院,19,1,492,162534
2024,扬州大学广陵学院,19,1,486,173074
2024,扬州大学广陵学院,19,1,472,197758
2024,扬州大学广陵学院,19,1,480,183082
2024,扬州大学广陵学院,19,1,485,175369
2024,江苏师范大学科文学院,19,1,491,164344
2024,江苏师范大学科文学院,19,1,488,169663
2024,江苏师范大学科文学院,19,1,477,189354
2024,南京邮电大学通达学院,19,1,487,170533
2024,南京邮电大学通达学院,19,1,480,183798
2024,南京财经大学红山学院,19,1,485,174234
2024,江苏科技大学苏州理工学院,19,1,491,163594
2024,江苏科技大学苏州理工学院,19,1,482,180858
2024,常州大学怀德学院,19,1,465,211064
2024,常州大学怀德学院,19,1,469,204782
2024,南通大学杏林学院,19,1,478,186487
2024,南通大学杏林学院,19,1,457,226065
2024,南京审计大学金审学院,19,1,485,174362
2024,南京审计大学金审学院,19,1,486,172118
2024,青岛工学院,19,1,487,170572
2024,青岛工学院,19,1,477,190055
2024,青岛工学院,19,1,475,192121
2024,青岛工学院,19,1,475,193841
2024,齐鲁理工学院,19,1,478,187587
2024,齐鲁理工学院,19,1,477,188510
2024,齐鲁理工学院,19,1,484,176577
2024,西安信息职业大学,19,1,483,178934
2024,西南财经大学天府学院,19,1,485,174064
2024,天津仁爱学院,19,1,470,201518
2024,天津仁爱学院,19,1,468,206632
2024,四川大学锦江学院,19,1,489,167678
2024,四川大学锦江学院,19,1,489,166441
2024,西安科技大学高新学院,19,1,491,163610
2024,西安科技大学高新学院(中外合作办学),19,1,478,186530
2024,福建农林大学金山学院(中外合作办学),19,1,479,185598
2024,天津财经大学珠江学院,19,1,486,172547
2024,湖北第二师范学院,19,1,519,116145
2024,湖北第二师范学院(中外合作办学),19,1,503,142791
2024,太原工业学院,19,1,495,157198
2024,民政职业大学,19,1,509,131652
2024,宿迁学院,19,1,496,154674
2024,宿迁学院,19,1,495,157053
2024,海南科技职业大学,19,1,479,186334
2024,北京第二外国语学院中瑞酒店管理学院,19,1,462,217649
2024,沧州交通学院,19,1,468,205252
2024,沧州交通学院,19,1,475,192749
2024,皖江工学院,19,1,472,198539
2024,上海财经大学浙江学院,19,1,490,166374
2024,上海财经大学浙江学院,19,1,489,166966
2024,贵州师范学院,19,1,500,148324
2024,河北东方学院,19,1,486,173496
2024,河北东方学院,19,1,483,179152
2024,河北东方学院,19,1,478,187576
2024,河北东方学院,19,1,490,165258
2024,运城职业技术大学,19,1,488,168306
2024,运城职业技术大学,19,1,488,169495
2024,广东第二师范学院,19,1,509,132916
2024,广东第二师范学院,19,1,529,100973
2024,广东第二师范学院,19,1,513,126293
2024,广东第二师范学院,19,1,505,139032
2024,广东第二师范学院,19,1,540,83808
2024,广东第二师范学院,19,1,527,103608
2024,广东第二师范学院,19,1,522,110395
2024,广东第二师范学院,19,1,513,124921
2024,广东第二师范学院,19,1,542,81233
2024,广东第二师范学院,19,1,503,141928
2024,广东第二师范学院,19,1,500,147323
2024,广东第二师范学院(学分互认),19,1,520,114229
2024,广东第二师范学院(学分互认),19,1,499,148970
2024,广东第二师范学院(学分互认),19,1,500,146926
2024,青岛电影学院,19,1,477,189477
2024,青岛电影学院,19,1,443,252060
2024,成都师范学院,19,1,537,87498
2024,成都师范学院,19,1,522,110963
2024,四川电影电视学院,19,1,485,173844
2024,河北中医药大学,19,1,514,124456
2024,山西传媒学院,19,1,509,132988
2024,南昌师范学院,19,1,499,149445
2024,南昌师范学院,19,1,501,146118
2024,贵州理工学院,19,1,510,130609
2024,山西工程技术学院,19,1,495,157471
2024,山西工程技术学院,19,1,508,133270
2024,山西工程技术学院,19,1,492,161573
2024,中国社会科学院大学,19,1,613,14378
2024,滇西应用技术大学,19,1,489,166756
2024,滇西应用技术大学,19,1,500,147664
2024,茅台学院,19,1,492,161384
2024,茅台学院,19,1,489,167892
2024,茅台学院,19,1,493,159700
2024,郑州西亚斯学院(中外合作办学),19,1,467,207176
2024,郑州西亚斯学院(中外合作办学),19,1,442,253394
2024,郑州西亚斯学院,19,1,486,172718
2024,郑州西亚斯学院(中外合作办学),19,1,453,233148
2024,深圳技术大学,19,1,567,50756
2024,深圳技术大学,19,1,564,53416
2024,深圳技术大学,19,1,574,42938
2024,海南比勒费尔德应用科学大学,19,1,446,246726
2024,海南比勒费尔德应用科学大学,19,1,462,217282
2024,重庆中医药学院,19,1,546,75791
2024,香港城市大学(东莞),19,1,611,15431
2024,深圳理工大学,19,1,624,9667
2024,河北石油职业技术大学,19,1,497,152388
2024,河北科技工程职业技术大学,19,1,500,148588
2024,河北科技工程职业技术大学,19,1,489,167607
2024,广西农业职业技术大学,19,1,498,151716
2024,贵阳康养职业大学,19,1,501,146496
2024,贵阳康养职业大学,19,1,494,158170
2024,兰州资源环境职业技术大学,19,1,496,154210
2024,兰州石化职业技术大学,19,1,490,164913
2024,宁波诺丁汉大学,19,1,587,31606
2024,宁波诺丁汉大学,19,1,588,30919
2024,西交利物浦大学,19,1,597,24148
2024,西交利物浦大学,19,1,600,21887
2024,北京师范大学-香港浸会大学联合国际学院,19,1,582,35270
2024,北京师范大学-香港浸会大学联合国际学院,19,1,586,32105
2024,温州肯恩大学,19,1,543,80214
2024,温州肯恩大学,19,1,544,77753
2024,深圳北理莫斯科大学,19,1,555,64634
2024,深圳北理莫斯科大学,19,1,563,55166
2024,深圳北理莫斯科大学,19,1,563,54960
2024,广东以色列理工学院,19,1,544,78455
2024,哈尔滨工业大学(深圳),19,1,657,1860
2024,北京大学医学部,19,1,672,558
2024,北京大学医学部,19,1,672,564
2024,北京大学医学部,19,1,661,1339
2024,中国人民大学(苏州校区)(中外合作办学),19,1,638,5405
2024,中国人民大学(苏州校区)(中外合作办学),19,1,648,3153
2024,北京交通大学(威海校区)(中外合作办学),19,1,593,26892
2024,北京交通大学(威海校区)(中外合作办学),19,1,601,20955
2024,北京交通大学(威海校区)(中外合作办学),19,1,590,28796
2024,北京邮电大学(宏福校区)(中外合作办学),19,1,613,14323
2024,北京邮电大学(宏福校区)(中外合作办学),19,1,608,17316
2024,北京师范大学(珠海校区),19,1,618,12092
2024,北京师范大学(珠海校区),19,1,620,11332
2024,大连理工大学(盘锦校区),19,1,603,20173
2024,大连理工大学(盘锦校区),19,1,607,17429
2024,大连理工大学(盘锦校区)(中外合作办学),19,1,600,21864
2024,东北大学秦皇岛分校,19,1,594,25960
2024,东北大学秦皇岛分校,19,1,605,18631
2024,东北大学秦皇岛分校(中外合作办学),19,1,601,21351
2024,哈尔滨工业大学(威海),19,1,644,3927
2024,哈尔滨工业大学(威海)(中外合作办学),19,1,609,16625
2024,哈尔滨工业大学(威海),19,1,623,10023
2024,复旦大学医学院,19,1,679,249
2024,复旦大学医学院,19,1,661,1378
2024,上海交通大学医学院,19,1,683,167
2024,上海交通大学医学院(联合培养),19,1,664,1100
2024,浙江大学医学院,19,1,649,3003
2024,合肥工业大学(宣城校区),19,1,558,61020
2024,合肥工业大学(宣城校区),19,1,598,22862
2024,中国石油大学(北京)克拉玛依校区,19,1,561,57201
2024,中国石油大学(北京)克拉玛依校区,19,1,564,53991
2024,山东大学威海分校,19,1,604,19160
2024,山东大学威海分校,19,1,611,15609
2024,电子科技大学(沙河校区),19,1,637,5650
2024,电子科技大学(沙河校区)(中外合作办学),19,1,623,10028
2024,电子科技大学(沙河校区)(中外合作办学),19,1,618,12202
2024,西南大学(荣昌校区),19,1,578,38876
2024,西南大学(荣昌校区),19,1,567,50509
2024,西南大学(荣昌校区),19,1,575,42305
2024,西南大学(荣昌校区)(中外合作办学),19,1,533,93540
2024,江西飞行学院,19,1,496,154612
2024,江西飞行学院,19,1,506,137909
2024,河北环境工程学院,19,1,494,158635
2024,河北环境工程学院,19,1,491,163975
2024,河北环境工程学院,19,1,490,166317
2024,河北环境工程学院,19,1,495,157376
2024,汕头大学医学院,19,1,598,23301
2024,汕头大学医学院,19,1,579,38522
2024,汕头大学医学院,19,1,535,91252
2024,汕头大学医学院,19,1,548,72584
2024,华南师范大学(汕尾校区),19,1,570,47195
2024,华南师范大学(汕尾校区),19,1,575,41865
2024,华南师范大学(汕尾校区),19,1,573,44304
2024,广东工业大学(揭阳校区),19,1,559,58867
2024,广东工业大学(揭阳校区),19,1,550,70720
2024,广东技术师范大学(河源校区),19,1,522,111726
2024,广东技术师范大学(河源校区),19,1,529,100809
2024,香港珠海学院,19,1,519,115202
2024,陆军工程大学,19,1,574,42847
2024,陆军工程大学,19,1,579,38550
2024,陆军军医大学,19,1,625,9104
2024,陆军军医大学,19,1,637,5474
2024,陆军军医大学,19,1,591,28024
2024,陆军军医大学,19,1,581,36258
2024,陆军军医大学,19,1,577,39887
